"Production_Budget_USD","Worldwide_Gross_USD"
110000,1.1e+07
2e+05,8e+06
1e+05,3e+06
245000,2.2e+07
3900000,9e+06
379000,4358000
558000,9e+05
672000,10000650
2e+05,2e+06
439000,2281000
325000,2500000
609000,3202000
1500000,165049
1300000,5273000
1488000,184925485
2e+06,4e+06
1644000,4e+06
1500000,9e+06
2777000,33754967
3900000,390525192
2e+06,9172000
1288000,6e+06
2280000,83320000
858000,2.68e+08
134000,8e+06
1039000,10462500
2627000,5363000
2361000,3500000
5200000,2e+06
2160000,9132000
1250000,1.1e+07
1500000,7e+06
3180000,9576159
2e+06,24464742
2100000,23600000
6e+06,20400000
2e+06,7800000
3700000,2956000
3e+06,9012000
1600000,5400000
1e+06,7800000
2900000,263591415
3768785,8e+06
8250000,30022000
1200000,7e+06
1800000,8e+06
2300000,1.1e+07
730000,8e+06
4e+06,3.6e+07
2540000,7200000
1250000,2500000
4e+06,87400000
1650000,30500000
210000,5e+06
5e+06,3.6e+07
658000,23800000
5e+06,1.5e+07
910000,9600000
5e+06,28200000
1200000,7e+06
6e+06,12500000
4500000,10400000
4e+06,14400000
1e+06,9e+06
3380000,3220
13500000,8e+07
6e+06,4.2e+07
5e+05,271736
1200000,2e+06
5e+06,11014685
3e+06,33300000
3e+06,17570324
5e+06,1.1e+07
3500000,12800000
2883848,2.5e+07
1.5e+07,7.3e+07
4e+06,21750000
3e+06,24600000
3e+06,10400000
1.2e+07,6e+07
1.2e+07,7900000
4e+06,8200000
3e+06,1e+07
2900000,5e+06
2e+06,7600000
6e+06,43700000
3200000,8e+06
2e+06,9250000
1e+07,50100000
1.9e+07,13680000
4500000,3500000
1.5e+07,69995385
2e+06,13129846
1.7e+07,1e+07
2686000,6600000
2500000,1e+07
1e+06,37600000
9400000,6e+07
1e+06,59567035
4e+06,11744471
4.2e+07,7.1e+07
1.9e+07,4750000
1800000,9164370
2e+06,78900000
6e+06,102300000
1.7e+07,72070955
560000,1597233
3e+06,124900000
8200000,286214286
2e+07,15473333
5800000,6800000
3800000,14873
1.1e+07,111859493
9e+06,141200000
3500000,1.2e+07
3e+06,1.3e+07
1.5e+07,34562222
3900000,28350000
3500000,13007551
2e+05,3500000
2e+06,24391108
1.2e+07,41744718
9500000,111600000
6e+05,4300000
1200000,6100000
1455000,2620000
114000,3e+07
10500000,68700000
1800000,6800000
747000,44566
5800000,33395426
1e+07,37402877
3200000,33395426
2e+07,8e+06
3600000,44785053
5e+06,5321508
6e+06,509424
2e+05,2.5e+07
2e+07,31678778
6e+06,102308900
2.4e+07,33208099
8e+06,8.2e+07
4e+06,6e+06
2.2e+07,5e+06
1.2e+07,62500000
1.1e+07,2200000
3500000,81600000
1e+06,9e+06
6e+05,34505110
3716946,5e+06
3e+06,17489009
1.8e+07,24911670
2.5e+07,29548291
9e+06,80500000
6500000,12376563
2500000,12300000
150000,15200000
3e+06,4e+06
2200000,41158757
7200000,1.16e+08
1700000,9700000
7e+06,268500000
3500000,12600000
25000,4.5e+07
87000,3100000
2e+06,18016290
1800000,8800000
4638783,1.1e+07
7e+06,161800000
5500000,15700000
777000,1.4e+08
2e+06,18344729
5500000,159616327
1.2e+07,400214478
2600000,119500000
7e+06,26533200
1600000,4420000
140000,26572439
1.3e+07,57300000
5e+05,31559560
2800000,86300000
1.4e+07,139700000
4e+06,1.5e+07
7e+06,97600000
1.1e+07,20169934
5e+06,41833347
1.2e+07,470700000
1200000,140556781
4e+05,5028948
3e+06,20123742
4400000,108981275
7e+06,2.5e+07
3800000,23689877
1200000,887000
4400000,36145695
2800000,48570885
1e+06,28316211
3e+06,13200000
5e+06,8e+06
1800000,25878153
1e+06,2.25e+08
2.3e+07,90614445
5e+05,1.7e+07
1e+05,7012524
1e+07,3.6e+07
4e+06,38251425
7e+06,1e+06
1.1e+07,786598007
2.6e+07,50800000
1.4e+07,25011000
1.4e+07,13800000
21600000,1.2e+07
1.4e+07,185400000
6e+05,2e+07
2e+07,337700000
3400000,31063038
1.4e+07,1e+06
1.2e+07,1.9e+07
3e+06,32653000
1.1e+07,20388920
2e+07,208900376
6e+06,387513770
1.5e+07,98800000
3e+06,141600000
3e+06,3660880
325000,7e+07
2.4e+07,1.3e+07
5.5e+07,300200000
5e+06,7100000
1.5e+07,5e+07
6e+06,391942
1500000,5.5e+07
12500000,7e+06
9e+06,203630630
1.2e+07,22673340
8e+06,76657000
8e+06,4.3e+07
3.1e+07,210300000
170000,14000
8500000,29200000
3.5e+07,1.39e+08
31500000,81250488
4e+06,20008693
2700000,37799643
1.6e+07,8400000
3.2e+07,94875000
2e+07,35841901
3.5e+07,1500000
6500000,31899000
3500000,8e+06
350000,1e+07
1e+06,21378361
4e+07,7e+06
5100000,9709597
5e+06,26010864
2e+05,99750000
3500000,83453539
3.5e+07,27107960
1e+07,15198912
4e+05,89134
2.3e+07,534171960
1.9e+07,44391156
5500000,4865000
2.2e+07,15716828
2.7e+07,57229890
2e+07,2e+06
4500000,47923795
1.5e+07,67182787
6e+06,39846344
550000,59754601
6e+06,52302978
1e+05,287000
1.5e+07,69847348
1.8e+07,23380203
4.4e+07,3484523
2e+07,49823037
1.7e+07,2110050
250000,23894000
1.2e+07,44200000
33500000,5e+07
1250000,21722776
1.8e+07,13400000
6500000,42488161
1.2e+07,37400000
5.4e+07,108185706
2.8e+07,195300000
1.8e+07,6e+06
1e+07,85300000
9300000,19571091
1.8e+07,13747234
2e+07,18826490
3e+06,5732587
1.4e+07,35856053
5e+06,25032000
5500000,57467731
5e+06,19600000
1e+06,17985000
6e+06,25244700
2500000,25533818
1e+07,11400000
1.2e+07,2104164
2e+07,389925971
1.5e+07,44400000
1.1e+07,31672000
1e+07,6e+06
8e+06,24474312
13500000,6118683
12500000,2.1e+07
5e+06,12592907
5e+06,20659423
4e+06,109492484
1.2e+07,95800000
10700000,121706019
2e+07,79114085
2e+06,24600832
2.1e+07,45785720
2.8e+07,33139618
1.8e+07,5675599
20500000,69701637
2.2e+07,127767889
1.6e+07,53977250
4500000,27092880
2250000,36690067
5e+06,10751126
3250000,6965361
5e+06,3707583
1.7e+07,26918576
4.6e+07,4408636
1.2e+07,84970337
8e+06,20036244
1.4e+07,125212904
2500000,14400000
10500000,792965326
1200000,255000
12500000,20959585
1.5e+07,177200000
4e+05,126387
10100000,10143618
1.2e+07,74433837
1e+07,25697647
5952000,2120439
7e+06,201463574
5e+06,12232628
375000,29400000
32500000,572705079
3.9e+07,59950623
1e+07,29500000
3.6e+07,1.6e+08
1.5e+07,61400000
7e+06,1246141
1305000,909000
2.5e+07,44942821
1.5e+07,8921050
27500000,187500000
2.7e+07,21500000
1e+07,20766000
8e+06,589308
1.2e+07,39012241
3250000,20605209
3e+07,5564014
1.8e+07,8.7e+07
1500000,2300000
8200000,8e+07
9e+06,13075390
4500000,81198894
2600000,32980880
550000,5269990
1.5e+07,316300000
2.8e+07,333080271
8e+06,90815558
1.8e+07,26400000
2.7e+07,21300000
3e+07,295212467
1.1e+07,148168459
2.5e+07,5778353
1250000,4700000
8e+06,62599495
7500000,5142858
1800000,25504513
1.8e+07,51973029
1e+07,8801940
6400000,78019031
1.5e+07,15136870
4.8e+07,25928721
4.5e+07,27447471
27500000,27187653
3e+06,21163999
1500000,2730877
1.9e+07,385524862
1300000,210904
1e+07,3.3e+07
2200000,21930418
1e+07,35073978
1.8e+07,19739000
4.4e+07,300400000
3e+07,152627960
2e+06,1663296
2.7e+07,10618813
2.5e+07,11603545
17900000,6905861
6900000,41410568
3500000,34004262
1.2e+07,65532576
4e+06,14237880
1e+07,17536256
2.6e+07,33200000
1e+07,36230219
3e+06,11052713
7e+06,10803211
2e+07,18400000
3.1e+07,258210860
1.5e+07,93589701
1.5e+07,9930649
4e+07,6341825
2.5e+07,11100000
3e+07,16295774
3e+06,19472057
1.5e+07,1953732
1.8e+07,6734844
3.5e+07,2e+06
5e+06,12947763
2.5e+07,23506237
4500000,1500000
1.8e+07,1305114
1.5e+07,356800601
1.2e+07,4984663
4e+07,49851591
1.6e+07,12900000
3e+06,20966644
1.7e+07,183316455
8e+06,52287414
175000,7137502
4700000,8025872
1.7e+07,2315000
8800000,328203506
1.8e+07,41382841
1e+07,52293000
2.4e+07,1.33e+08
1.2e+07,79817937
3e+07,38747385
6e+06,137963328
2e+06,7369373
2600000,3147950
350000,4e+06
1e+05,5228617
1e+07,3e+06
3500000,1.4e+07
1.6e+07,14792779
5e+06,44793222
2.5e+07,76270454
3500000,5923044
4e+06,8e+05
1100000,1355728
4e+07,14375181
2e+07,276665036
1.5e+07,120192350
2.9e+07,25899797
22700000,38119483
2.3e+07,15728335
1.3e+07,53424681
1.7e+07,11227824
6500000,54215416
4e+07,191200000
8500000,32222567
1900000,4600000
1.4e+07,320100000
1e+06,14564000
1.5e+07,30857000
16500000,43848100
3e+07,38122000
2.5e+07,43988888
3e+06,7888000
1.5e+07,167780960
1.8e+07,98267558
1.3e+07,123922370
2.5e+07,16118077
5e+06,17768757
4e+06,3468572
6200000,9205924
1500000,11806119
1.8e+07,151668774
1.5e+07,73326666
4e+06,354704
4e+06,1.3e+07
4700000,1705139
2800000,19170001
5.8e+07,188715611
1.4e+07,239606210
7e+07,351500000
2.8e+07,139109346
3e+07,81613606
3e+06,7282851
1.3e+07,49369899
9e+06,44196684
1.6e+07,13854000
1.5e+07,216600000
9500000,14114000
6e+06,12793213
12300000,81972846
3.2e+07,59450353
7e+06,20257000
6e+06,14545844
1.3e+07,44726644
7e+06,8373585
2.5e+07,412800000
1.4e+07,34700000
1.5e+07,10763469
16400000,239500000
1e+07,40485039
1.8e+07,7190505
1200000,36741667
11500000,57469179
1e+07,30050028
4.8e+07,474171806
3.5e+07,411348924
6e+06,26004026
1.1e+07,49793054
4.2e+07,156167015
1.6e+07,92961960
5e+06,6157157
5e+06,14343976
1500000,14533681
9e+06,10176701
3e+07,70200000
7e+07,54243125
1.9e+07,58571513
3e+07,45892212
6e+06,11642254
6e+06,22168359
3e+07,95857262
4e+07,3.32e+08
1.8e+07,26593580
7500000,106593296
2e+07,10555348
1.4e+07,70001698
140000,6706368
5.5e+07,63408614
1600000,419428
6.5e+07,261400000
1e+07,16667084
3e+07,200500000
7700000,882290
7e+07,239814025
1e+07,16153000
430000,2938000
1.4e+07,432645872
13500000,2.02e+08
3e+06,1.5e+07
4e+07,244088654
5e+07,41476097
4.7e+07,162738726
6e+07,157670733
2e+07,53976987
2.2e+07,517600000
3.1e+07,53208180
1.9e+07,424200000
1.3e+07,34166572
2.5e+07,46777347
7e+06,4372561
2.6e+07,61308153
2e+07,21413105
4200000,5835247
4.9e+07,20423389
1.5e+07,476684675
3.5e+07,54768418
2.6e+07,2.02e+08
5.4e+07,66520529
1.1e+07,2e+06
8e+06,2275557
5e+05,55000
450000,2712293
4e+07,34416893
8500000,15024232
35000,321952
23000,1227508
3.5e+07,14471440
1.4e+07,34729091
1e+08,513815401
2e+07,275726716
2.5e+07,78656813
2.5e+07,9286314
6.5e+07,17218916
2.7e+07,96900000
5e+07,390500000
2.3e+07,86930411
2e+07,37537675
7e+06,5017971
2.3e+07,7018525
6e+06,773490
1.6e+07,29090445
5e+06,34872033
2.4e+07,41798224
2500000,6401336
7e+06,8824553
5e+06,19438638
9e+06,349618
7e+07,300854823
2e+07,451329842
3.5e+07,182291969
3e+07,191502246
16500000,58011485
2.4e+07,83531958
6500000,56200634
4e+07,205400000
3e+07,74787599
1.1e+07,81204830
7e+06,5430822
4.2e+07,131052444
4e+07,132440066
4.2e+07,66787173
1e+07,50752337
2e+07,183097323
3.5e+07,4651977
4e+07,14358033
1.1e+07,52929168
8e+06,26199377
5e+06,1526697
4.5e+07,178100000
3.5e+07,319700000
5.5e+07,158500000
1e+07,32100816
8e+07,266824291
4e+07,44948240
14400000,159157447
1.1e+07,21171695
5.5e+07,149022650
7e+06,14231669
5e+06,1050861
4e+07,75505856
12500000,10725228
8e+06,28876702
1200000,2832029
2.8e+07,504050219
3.3e+07,236500000
1.2e+07,27281507
4e+07,215862692
3.5e+07,48169910
2e+07,358994850
2.5e+07,410900000
4e+06,62546695
3.5e+07,28391473
2e+06,21000
1800000,NA
1.4e+07,155056263
8e+05,1001437
3.2e+07,36299670
1.5e+07,52189039
6500000,24103594
1.1e+07,21502976
7000,2041928
1.2e+07,46730578
2.1e+07,42273609
3.5e+07,4496583
1.5e+07,9579068
1.3e+07,27979399
2.2e+07,10696210
1.5e+07,63954968
1.3e+07,1152117
3500000,27731527
6.5e+07,2.55e+08
4.2e+07,20844907
4.4e+07,353715317
8.5e+07,137298489
4.2e+07,270340892
8e+06,22549338
2.8e+07,39360491
2e+07,153698625
1.4e+07,27450453
2.5e+07,10731997
3e+06,15935068
6e+06,3273588
1.5e+07,39100956
3.4e+07,32014993
6900000,7950889
3e+06,3902679
12500000,12309980
6.3e+07,NA
2.5e+07,441286003
1.9e+07,2119994
14600000,70906973
3e+06,242623
7e+06,40157856
2.5e+07,321365567
4.5e+07,187995859
2.6e+07,201324422
2.5e+07,56505065
1.1e+07,9170214
2.2e+07,25842377
5e+07,16581575
4e+07,31835600
5e+07,38590458
1e+07,18423914
4e+07,24172899
6.2e+07,207500000
3e+07,51041856
1.2e+07,107217396
1e+07,3275585
4.5e+07,112006296
1.3e+07,7881335
8e+06,8864699
9e+06,4333569
1.4e+07,13024170
5e+07,119180938
4.5e+07,358500000
2e+07,11744960
5.5e+07,679850637
79300000,987480140
7e+07,131011757
6.3e+07,25052000
4.5e+07,57362581
1e+08,365300000
4.5e+07,117615211
1.8e+07,351620129
1e+07,126247
1500000,418953
4500000,242895809
5.5e+07,212200000
2.8e+07,102053581
2.5e+07,28307092
1500000,5046118
4.5e+07,94215000
1.8e+07,5828466
3e+07,283200000
8e+06,212928762
8e+06,18090181
7e+05,11768371
27000,3894240
2e+07,13383747
5.5e+07,196565669
4e+07,14938149
2e+07,305070
5e+07,223564608
2.2e+07,189800000
5e+06,5438120
3.8e+07,1.2e+08
1.6e+07,45284974
1e+07,29317886
1.6e+07,246400000
4e+07,38087756
1.5e+07,50003303
3.5e+07,99423000
3e+07,160502573
2.7e+07,44342956
10500000,125169
2.5e+07,4064333
13700000,56598476
1.5e+07,529766
1.2e+07,21089146
2.6e+07,13738574
2500000,5683371
2.2e+07,175516617
4e+06,7555256
5e+07,26097497
2e+07,22119269
1.4e+07,2461628
3e+07,246100000
3e+07,23998226
4e+07,14942422
3500000,27936778
9e+07,366101666
7.2e+07,209045522
6e+06,11784569
5.5e+07,282300000
5e+07,83306268
1e+08,336529144
250000,2477155
8.5e+07,113487912
6.5e+07,334100000
2.8e+07,31390587
2.5e+07,22032635
2.3e+07,141247413
7.5e+07,127361412
3.5e+07,113354449
6e+07,104324083
4.5e+07,35627222
1500000,20412216
1.75e+08,264246220
2.2e+07,110521733
6e+06,34449356
2e+07,122133227
2.4e+07,669276
7e+06,25532388
5e+07,152022333
50000,10426506
4e+07,37750754
3e+07,328125643
2e+07,27688744
5e+06,15126948
3.2e+07,18552460
5e+07,67823573
5.5e+07,347100000
3e+07,212400000
5e+07,10359006
5e+07,9812870
30250000,115021008
6100000,2108367
2e+07,32051917
1.4e+07,19637147
4e+06,49800000
16500000,134993774
6.2e+07,107822813
6e+07,356429941
6.8e+07,77224232
5.2e+07,110400000
3e+07,364545516
5.5e+07,159387195
1.1e+07,2794056
1.1e+07,2844379
6.5e+07,262758310
5.8e+07,87100000
4.5e+07,34668249
9.2e+07,18517322
4e+06,4301000
2.9e+07,168841459
3.1e+07,106282604
1.8e+07,4100000
1.1e+07,83088295
9200000,4199334
6e+07,100645801
10000,NA
14500000,147542381
12500000,1412799
2e+07,25732986
4.4e+07,22730924
3.8e+07,10229300
7.5e+07,817400878
5.5e+07,60209334
5900000,37831658
4e+07,20278055
1e+07,41004412
5e+06,407488
4.7e+07,12900000
1.8e+07,2483790
7500000,36238752
8e+06,34873513
1.5e+07,55669466
8e+06,5656388
5.5e+07,122079192
1.2e+07,4880941
7e+06,16149180
3.9e+07,37956589
4.5e+07,36404841
1e+07,3357324
4500000,7011317
2500000,34557416
3.5e+07,1320043
2.5e+07,10039566
1.3e+07,2104439
3.2e+07,152036382
25530000,30593313
8e+07,457697994
1.8e+07,26936265
5.7e+07,104364680
3.2e+07,4357406
9e+06,36049108
8e+07,158908290
2e+07,34600000
4.7e+07,102825796
1e+08,234400000
1e+08,325500000
5e+06,12961389
5.5e+07,273814019
5e+07,113309743
7.5e+07,336069511
4.5e+07,17220599
4.5e+07,20133326
1e+06,1615787
3e+07,19892205
3100000,71558971
4e+07,152266007
2.5e+07,32223424
2.5e+07,36682170
2e+06,304602
7e+06,51204567
7e+07,308700000
5.5e+07,18582965
4.5e+07,75854588
1.9e+07,1353824
4e+07,27682712
3500000,13795053
3e+06,295493
6.5e+07,148345997
5e+07,25426861
4.5e+07,58617334
3e+06,2962051
2.5e+07,51702929
6.7e+07,18115927
3e+07,181489203
3e+05,2525984
3.8e+07,17378193
4500000,13417292
8.8e+07,495700000
8e+05,5034794
1.3e+07,26570048
2400000,5691854
4.4e+07,165600852
2e+05,6618578
1.4e+07,15171475
6.5e+07,33447612
5.5e+07,38564422
2.5e+07,27572844
1300000,749741
8e+07,250200000
4.2e+07,41267469
3.5e+07,231711151
4833610,34175000
6e+07,129832389
4.6e+07,1.5e+08
5500000,36665191
2e+07,26792700
4.6e+07,100833145
7e+06,98754000
8e+07,101371017
5e+07,2.74e+08
3.6e+07,13052741
2.3e+07,12803305
21500000,22331846
1.5e+07,173046663
1.2e+07,63118386
5.5e+07,151947179
1.8e+07,7129670
1.5e+07,76382
9e+07,587790539
3e+06,27788649
25000,2883661
5e+06,353480
8e+06,590817
4.5e+07,2154540
4e+06,2922988
3.6e+07,50159144
3.5e+07,6448817
1.8e+07,67683989
5e+07,50068310
2.6e+07,1083350
3.5e+07,65303052
3.5e+07,2221994
3e+06,4109095
2.7e+07,60527873
1e+07,12554569
4.5e+07,302710615
2e+07,35450113
9e+07,140900000
3.2e+07,3588602
250000,743216
9e+07,169400000
250000,15155095
4.2e+07,4408420
3e+06,4002884
9e+07,120100000
3e+05,42735
1e+07,225933435
7.5e+07,618638999
8e+07,224117573
1.2e+07,14010363
1.1e+08,150468000
7e+07,250700000
2700000,15600000
1.25e+08,238317814
4.6e+07,298923419
4e+06,12836
1e+06,542909
8e+07,241200000
1.15e+08,178200000
1e+08,121100000
5e+07,10561038
5e+06,14843425
5.5e+07,174463257
2.5e+07,64594061
8.5e+07,315268353
4e+07,87949859
8e+07,142783718
7e+07,131445884
3500000,257938649
6e+07,26673242
1.6e+07,1686429
1.5e+07,63706632
5e+07,48169156
2.5e+07,41076865
450000,450349
2.6e+07,5000
9.5e+07,263900000
8.5e+07,35681080
3.5e+07,126204977
3.5e+07,83226569
5e+07,62967368
1.8e+07,16011975
7500000,43492389
6e+07,33956608
5.5e+07,11532774
1.5e+07,43111725
5e+06,7951247
5.7e+07,153007424
1.7e+07,125250091
3.6e+07,12532777
3.8e+07,6504442
1.2e+07,220175
4.5e+07,136998907
1.5e+07,31070412
12000,413802
9e+07,165900000
2.8e+07,8165213
6e+07,159356941
5.3e+07,139801290
2e+07,13801755
4e+07,45916769
3.5e+07,25078937
3e+07,51327406
8e+07,177993801
6e+07,160700000
5e+07,80369970
4e+07,58250151
2.4e+07,101363301
2e+07,10686841
5e+06,21277770
2e+08,NA
1.1e+08,339504276
3.8e+07,61894591
5e+07,314111923
8e+07,20841123
2.8e+07,5686694
1.5e+07,64252038
1.2e+07,74727492
12500000,1612957
2.5e+07,22411948
4e+06,302204
2300000,574838
1.4e+08,554600000
7e+07,19870567
8e+06,17394881
2650000,16556
2.5e+07,56042592
4.5e+07,11203026
5e+06,2080693
8e+07,71485043
6e+07,152457863
1.7e+07,30331165
7.3e+07,50168294
2.9e+07,54045832
5e+05,367582
68000,33598
2.7e+07,27257061
1e+07,45779
8e+07,136047317
6e+07,32983332
1.5e+07,11156471
1e+07,13835130
3.5e+07,56968169
7e+06,306715
6.5e+07,39017984
2e+07,55576699
11900000,48856
6e+06,31716953
2.7e+07,10341093
2.4e+07,4356126
2e+07,26146072
5e+06,143273
4500000,713413
3.5e+07,10319915
2e+07,37226218
6e+06,21787233
2e+06,72544
1.5e+07,29145924
1.3e+07,27066941
6e+06,58809149
1e+06,2315026
6e+07,264118201
1.7e+07,55041738
6e+07,186883563
4e+07,38172500
3e+07,29203383
2e+06,539961
1.25e+08,3.76e+08
18500000,13711903
3500000,10317779
3e+07,81529000
3e+07,19035741
2e+07,15055091
1.5e+07,46189568
4030000,2542264
7e+07,116625798
2.5e+07,82150642
2.3e+07,190191646
9e+06,4313644
3500000,6451628
9e+07,303500000
6.6e+07,189176423
650000,2301777
71500000,294156605
4.8e+07,77562568
2e+06,7756617
1500000,2380606
7.3e+07,103891409
1e+06,21210
3e+05,10876
2.2e+07,360099999
6.5e+07,233700000
5.5e+07,1147784
6.5e+07,485035085
1.5e+07,19014238
1e+07,30143795
5e+07,49105766
2.6e+07,65705772
5e+06,23047939
8e+07,349464664
1.3e+07,8064972
6e+07,48585416
2e+07,37672944
1e+07,244465
5e+06,5502773
4.5e+07,131237688
1.4e+07,15064948
1e+06,3465703
1.3e+07,16757163
250000,203134
1.9e+07,8123860
6e+07,12069719
1300000,1647780
1e+06,1087521
1e+05,6121582
3.5e+07,245300000
3e+07,26708196
2e+06,134624
5.5e+07,70692101
1.4e+07,72571864
8e+06,2256606
1e+06,22434
5.5e+07,198750909
1.4e+08,285400000
4e+07,71743823
68000,4678513
6e+07,68336997
5.3e+07,22852487
2.5e+07,50692188
3e+06,5746453
7.5e+07,14623082
1e+06,627287
2e+07,20268825
1.2e+07,12905901
1e+07,6719864
2.5e+07,780326
2e+07,18310591
1.2e+07,22921898
3e+05,373615
250000,8969065
7e+07,117800000
5e+07,34645374
2.6e+07,279500000
1.7e+07,16316273
1e+07,19080435
8.5e+07,44650003
2.4e+07,40020622
8.5e+07,250649836
4.5e+07,363095319
2.8e+07,140894685
1.2e+07,6200000
3e+06,55193251
2900000,17006158
8e+07,69131860
1.5e+07,10513979
1e+07,21094974
8e+07,164800000
1.3e+07,10020081
1e+07,25358996
8e+06,146083
6.5e+07,250800000
6e+07,218613188
5.2e+07,97709034
8e+07,50632037
6e+07,56709981
5e+07,202173000
5e+07,159745279
1.5e+07,40283321
1e+07,5045359
3.4e+07,11263966
7e+06,7824358
4.8e+07,107752036
2.8e+07,8891623
1.7e+07,11634458
8e+06,22591451
1700000,2891228
7.5e+07,30626690
4e+07,22365133
3e+07,12017369
1.6e+07,54294169
1600000,2627795
3e+07,4967493
180000,1628579
1e+07,63465522
4e+07,28544120
6000,240495
2.2e+07,19288130
6e+05,85343
1e+07,12179708
3e+06,3076820
4e+07,96398826
6e+06,6852450
66000,602920
2.3e+07,10660147
1.2e+07,2062406
1e+06,5494
6e+07,35319689
1.4e+07,4741987
5e+06,19421271
4e+06,64359
6.5e+07,463517383
1.3e+07,60414025
5.5e+07,34105207
8300000,2598224
5e+06,99147
5e+07,31333917
1.3e+07,6276869
3e+06,101773
7.5e+07,73521587
3.3e+07,8408835
20700000,2840417
1.4e+07,6552255
8500000,17202854
6.6e+07,211700000
1.5e+07,4023741
2e+06,1152411
5e+07,161626121
6e+06,4398989
3e+07,176885658
1.1e+07,75803716
1350000,28356188
6.8e+07,60265197
4.8e+07,151463090
2.1e+07,36882378
1.4e+07,14395874
1.15e+08,NA
1.5e+07,8322608
375000,617172
4.2e+07,363728226
1.6e+07,11810854
4e+06,399793
6.8e+07,33462011
4.8e+07,124304264
4e+07,672806292
1e+07,836641
1.45e+08,448191819
6e+07,149705852
10700000,31341183
1750000,22879194
3e+07,228641283
1.75e+08,221229335
2.1e+07,52037603
8e+07,416385488
2.4e+07,16304786
6e+05,248300000
6.5e+07,104267443
2.7e+07,31770413
6e+06,25059640
4e+06,34145
8e+07,180188905
7.5e+07,97387965
1e+07,10571408
6e+07,165048228
7e+07,310138178
5e+05,1027228
250000,20628
6.4e+07,63200000
1.4e+07,30628981
1e+07,6030047
2e+06,20741000
7e+05,10508
3.2e+07,2899970
5.5e+07,98699769
2.5e+07,11115766
1.6e+07,5825314
4e+07,53864342
4e+07,10717421
7e+06,15471229
1.25e+08,61698899
3.4e+07,10672566
2.2e+07,9818792
1.5e+07,11614954
7e+06,2165637
5700000,69582
6500000,28383441
1600000,6026908
21500000,24419219
1.2e+07,234723148
1.5e+07,356258047
5e+07,46112640
3.6e+07,117448157
1.2e+07,178287
3500000,9871
250000,178095
4e+07,177835231
28700000,4559569
1.8e+07,229311
1.5e+07,4956401
3.5e+07,310332636
3.2e+07,89441732
1.2e+07,21133087
4e+06,2793776
3e+07,163644662
1.3e+07,5871603
6e+07,290701374
1.8e+07,92935067
11900000,81897
6.5e+07,100851897
5e+07,27100030
1e+07,6197866
7200000,12678312
3.2e+07,16640210
2.1e+07,17396
2e+07,10570375
1.5e+07,1954202
9e+06,34572780
6500000,10155691
5e+05,2047570
2e+07,150350000
1.9e+07,65090541
1.3e+07,32382381
3250000,7680
1e+07,10019109
1.35e+08,361730660
9e+07,511358276
7e+07,207068340
1e+08,212026975
3.5e+07,630779
2.7e+07,4485485
312000,1788168
6e+07,36850101
3.5e+07,26613620
3e+07,52880016
4500000,5428387
4e+07,13508635
3e+07,11578022
2.1e+07,17760244
1.3e+07,27151490
1e+07,15164492
3e+06,9017070
5e+07,14271297
2.3e+07,18653615
1.5e+07,1970268
1e+07,43948865
1.05e+08,298815224
9e+07,87420776
7.5e+07,39251128
3.7e+07,48446802
2e+07,6201757
2.4e+07,28871190
6e+07,100230832
5.2e+07,47407635
4.5e+07,90523726
4e+07,128792135
3.6e+07,14378353
2.5e+07,13038660
2.4e+07,8427204
27000,8231
3.8e+07,73956241
8e+07,60507228
4e+06,9821335
1.5e+07,12801190
3e+06,4142507
1e+06,1425707
6e+07,14816494
25000,195043
9e+06,20035310
7e+06,411874
3.6e+07,2954405
1.5e+07,18260865
4e+06,185577
3.3e+07,173559438
4e+07,51867723
2.4e+07,85527867
2.3e+07,53182088
9e+06,28773637
3.5e+07,33422485
3.6e+07,23360779
5e+07,6291602
2.5e+07,24355762
1.6e+07,15980376
2e+06,10672492
9e+07,259736090
6e+07,39235486
5e+07,257805243
2.3e+07,112036870
2.5e+07,91036760
1.5e+07,10845127
1.5e+07,8735529
9.5e+07,65700000
2e+07,47881663
1.5e+07,35007180
4e+07,161838076
1e+07,1638202
9e+07,191200000
6.5e+07,128874043
4.5e+07,113916474
4e+06,27786849
4e+06,267972
4.3e+07,62063972
2.9e+07,45336404
8e+06,28674417
3e+06,30438635
3500000,886410
6.2e+07,127630030
1.5e+07,27709625
1.4e+07,12591270
6e+06,10619770
5.8e+07,59431365
3.1e+07,68079671
1.5e+07,40862054
1e+07,5241315
1.03e+08,457683805
3.4e+07,14291999
7e+06,18642318
3300000,5422740
1300000,609042
1e+06,428535
127500000,356148063
1.8e+07,29934477
1.6e+07,119739110
1.2e+08,549588516
5.5e+07,71189835
2e+06,121807
5.5e+07,304599899
4e+07,19417182
1e+07,2373937
5e+06,16628751
4500000,7389233
8e+07,9103630
7.5e+07,36751979
53012938,107190108
1.6e+07,21799652
2500000,1687548
4.2e+07,227793915
5.1e+07,149270999
150000,110719
1.1e+08,215300000
1.2e+08,328711434
7.6e+07,35129610
6e+07,71719931
2.4e+07,32662299
2.4e+07,12372410
6.5e+07,69688384
1.9e+07,277200000
1200000,2509344
7.5e+07,296339717
250000,1157672
1.5e+07,5217498
9e+07,288693989
3e+07,133946923
2e+07,18250106
1.9e+07,15911332
8.4e+07,166307945
3.3e+07,47267829
2.4e+07,27732366
9e+06,13061935
2500000,9598
1e+06,1179462
7.5e+07,213500000
6.5e+07,62761005
3.5e+07,33771965
1.5e+07,213514672
1e+07,83593107
3.5e+07,85911226
3e+06,38236338
1e+06,10037390
4e+07,30199105
2.3e+07,13019253
1e+07,90453550
40000,277233
103300000,232643008
5e+05,1167524
6e+07,47371191
3.5e+07,15471969
1.6e+07,6615452
225000,1032075
1.5e+07,38574362
12500000,45557491
8e+06,10192613
1e+06,12996
6e+06,20695413
3e+07,136706683
9e+06,3134509
1e+06,2022442
9e+07,1.06e+08
3.8e+07,58394308
8e+05,371647
3e+05,2652515
8e+07,58270391
8e+07,33463969
3.2e+07,82339483
1200000,10827356
2.8e+07,31320293
1.1e+07,13719474
9e+06,17804273
5e+06,109273197
3e+06,39852
4.8e+07,90376224
4e+07,55696705
2e+07,2282710
2e+06,11546543
6.5e+07,10014234
2.2e+07,13555988
1.5e+07,47721314
5250000,20097
42000,342722
6e+05,173599
5e+07,39778599
2e+07,96147688
1.3e+07,62452927
2e+05,1161843
5e+07,50054511
4e+07,90717684
4e+07,40435694
1e+07,1953882
6800000,927107
1.23e+08,345141403
8.2e+07,96024898
3.5e+07,53425292
3e+07,103284813
8.5e+07,66941559
73243106,248099143
13500000,11732088
9500000,59675307
7e+06,35795319
8e+07,29725663
1.8e+07,21361109
1.2e+07,6982680
8e+06,4714090
2e+06,2419669
1e+08,169296573
6.5e+07,374105123
2.5e+07,152500343
1.3e+07,73180297
6e+06,10557291
4.3e+07,80013623
1e+07,44567606
8.5e+07,427230516
8e+07,66554547
6e+07,124715863
4.5e+07,213420951
4.5e+07,18120267
2.8e+07,33000377
2.6e+07,75763814
1e+07,5149131
4e+06,75078
4.8e+07,208300000
1.3e+07,1375635
8e+06,8279017
3e+07,38462071
2.2e+07,55762229
4.5e+07,29406132
2.8e+07,94728529
18500000,4221341
1.4e+07,10397365
1e+07,20384136
4e+07,145238250
1.6e+07,43057552
13500000,892506
1.3e+07,3058380
1.15e+08,559757719
5.3e+07,54207112
4.9e+07,72689126
10350000,174201661
5e+05,7890
4e+07,65754228
3e+07,71172251
1e+07,44451470
7.5e+07,5409517
6.2e+07,18708848
9e+07,347425832
3e+07,165334774
2.6e+07,16521410
8.5e+07,96971293
3.3e+07,79958599
5e+06,39723096
250000,1366235
50000,2335352
3.8e+07,57753825
2.5e+07,5516708
6e+06,27958191
3.5e+07,197692062
2.3e+07,38684906
1.8e+07,27491653
1.1e+07,13558739
2e+06,20883834
9.8e+07,435040395
2e+06,76654
6e+07,200700000
4.5e+07,141189101
2.5e+07,281527158
2.5e+07,39393111
1.5e+07,14249005
1.05e+08,10364769
7.2e+07,54616869
8e+06,19585
5e+06,6755271
4.5e+07,104505362
2.8e+07,77477297
2.3e+07,21973182
1.2e+07,17292381
5.3e+07,179209685
5e+07,491812794
3.8e+07,29544532
151500000,449239855
4e+07,16172200
3e+07,83282296
2.8e+07,105159085
3e+06,68452128
1e+06,852206
2.5e+07,36833473
10000,94596
4300000,10158355
9.4e+07,273330185
1800000,3050934
7.2e+07,176101721
3.8e+07,206512310
1.6e+07,28734552
9e+07,235900000
1.3e+07,19929123
3500000,3293258
4e+07,27053815
3.8e+07,19317765
1.4e+07,4288246
1.3e+07,22391450
7e+05,1140965
8.5e+07,450728529
6e+06,1290920
1e+06,2684207
6.8e+07,113542091
1.8e+07,141809235
5e+06,5476060
2100000,1381824
9.3e+07,365900000
4.6e+07,160648493
1.2e+07,450594
6e+06,3747270
5500000,8761608
1e+08,362211740
4e+05,44452
9e+07,186049020
8e+07,147080413
8e+07,98341932
3e+06,9981635
1.5e+07,11919578
4.8e+07,50315140
5.7e+07,62097495
4.8e+07,86607223
3.5e+07,13601109
6500000,64148
1e+06,113433
2.8e+07,8434601
2.6e+07,18496522
2.2e+07,33762400
1.7e+07,19693891
1.3e+07,5002310
1e+07,58939035
5e+06,16017403
1e+06,17127
8.7e+07,350100280
2.2e+07,25873142
4.2e+07,56331864
1.2e+07,622273
1e+07,19860259
10000,673780
4e+07,70836296
3.5e+07,28906817
1e+05,1358
2.2e+07,22861785
2.1e+07,43728560
2.2e+07,6047691
8500000,4273372
5e+07,104488383
3.1e+07,30885781
2.8e+07,60780981
2e+06,1075504
7e+07,13596911
3e+07,286500000
1.7e+07,207765056
1500000,1619602
6e+07,20541668
4.7e+07,29781453
3.5e+07,68712365
1e+07,8378853
1.9e+07,68467960
1.8e+07,23889158
1e+07,4690802
1e+07,226792
4500000,7503672
2.2e+07,14252830
1.6e+07,30987695
7e+06,23393939
4.1e+07,100622586
1.37e+08,85131830
4e+06,10097096
1.25e+08,974755371
6e+06,2522928
9e+07,143049560
3.5e+07,33422806
1.1e+07,14786394
1e+06,3575308
1700000,42137871
4e+07,58855732
3.8e+07,623374
3e+07,17865209
2.4e+07,29823162
1.3e+07,122244329
7.5e+07,71523271
1.1e+07,25116103
7e+07,202726605
2.8e+07,71430876
1.5e+07,62401343
7e+06,4720371
5500000,15155021
1.09e+08,887210985
7.8e+07,317668058
7.2e+07,37306334
3.8e+07,24515990
2.5e+07,102992536
1.2e+07,31222395
1.09e+08,87683966
4.8e+07,70937778
3.5e+07,24405825
1.8e+07,41300105
4e+06,43766463
9.5e+07,159691085
2.2e+07,92542418
7500000,10834406
1.3e+07,8130727
1.1e+07,4814244
5e+05,1250798
7e+07,114658262
1.7e+07,95092667
160000,32092
7e+07,60279822
6.5e+07,172825854
3.2e+07,116898028
4.2e+07,56438555
4e+07,75389090
1.5e+07,1405032
1.1e+07,46060915
1e+07,17033556
70702619,408269295
1.6e+07,40363530
3e+06,19184820
2e+06,3438804
7e+07,33076815
3.6e+07,102226631
2e+07,109862682
1.2e+07,5.7e+07
1.2e+07,2326407
1200000,23046142
6e+07,82150183
6e+07,30063805
3.5e+07,30307804
4500000,92723
1200000,27025600
1100000,247740
1.39e+08,821706375
1.6e+07,14839383
1e+07,6244618
1.4e+08,441767803
3e+07,62432423
2.5e+07,16425701
1500000,9345061
8.5e+07,78948765
6.5e+07,386116343
3.5e+07,103787401
5e+06,33649881
5.4e+07,154338601
1.2e+07,12516222
1500000,119841
5e+07,8374062
4.8e+07,196308367
2.6e+07,38788828
2.2e+07,80491516
4e+07,7974607
7.8e+07,206455420
1.4e+07,25608779
1.2e+07,4606284
6e+07,165890634
5e+07,56643267
5e+06,374890034
1500000,12412889
4e+07,14448589
1.8e+07,676698
1.4e+07,16951798
4e+05,1600566
4.5e+07,8488871
4.2e+07,63781100
6e+06,39241323
6e+06,4316497
1.15e+08,656695615
2.7e+07,130759651
5500000,56653
1500000,1840248
1.5e+07,8378141
8e+07,106515310
4.6e+07,113622499
3.8e+07,50970660
3e+06,3705923
2100000,313436
6.8e+07,193500000
2.5e+07,40796145
4e+07,22433915
1e+07,34364995
3.5e+07,16830252
6e+07,54994757
2e+07,5345869
18500000,32531759
3500000,18495444
1.15e+08,77628265
8.4e+07,276294164
6e+07,214357371
1.2e+07,1779284
1.02e+08,358824714
8e+07,245800000
15600000,13771817
5600000,3281898
5e+07,171269535
1e+07,13684949
250000,4613482
7e+07,69157016
2.7e+07,73826768
3.8e+07,119721296
8e+06,16585503
3e+07,36722311
1.2e+08,1.66e+08
9e+07,65716126
3e+05,2066892
150000,3270128
6.3e+07,292738626
2e+07,16988996
8.5e+07,78353508
7e+07,25852508
1.5e+07,52461017
8e+07,98983590
1.4e+07,25873145
7500000,4239767
5e+07,119114494
4.1e+07,245768384
13500000,29027914
1e+08,7094995
3e+07,51618420
2.5e+07,14805812
1.2e+07,52223306
2.9e+07,20146150
2e+07,12398628
4e+07,13208023
7e+07,267200000
5e+07,26199517
8e+05,881950
2.5e+07,13973532
1.2e+07,77063461
9e+06,4777465
7500000,206400
7e+07,14294842
5.5e+07,1807990
3.5e+07,29882645
3e+07,6916869
1.9e+07,274949886
1e+07,38067218
8e+06,42376425
4e+06,9413956
6e+07,104429625
3.8e+07,182365114
2.1e+07,6830957
15300000,7e+06
950000,814666
1.3e+07,28972187
2e+05,174682
2e+05,162605
4.8e+07,248218486
2.7e+07,5204007
2.5e+07,12219367
7e+06,2703821
3e+06,7777790
2e+07,68349884
1.5e+07,22723
1.2e+07,56131239
9e+06,184255
5e+06,79282312
825000,1500711
1.8e+07,43308707
2.5e+07,24591031
2.1e+07,43928932
1.6e+07,21657770
1.5e+07,19344615
1.5e+07,12419700
1e+07,598645
8e+06,28315272
4e+06,11799060
3e+06,58240487
1e+08,878979634
2.5e+07,19233280
15500000,1693000
1800000,5719000
750000,47329
350000,9118
1.42e+08,431942139
2e+07,26348203
12500000,16193713
1e+07,33526835
1e+08,91800000
4.7e+07,14970038
4e+07,12624471
1.7e+07,16140842
7e+06,16866928
4.5e+07,66790248
4.3e+07,63078756
1.1e+07,19947280
8e+07,183354514
1.5e+07,37659652
12500000,33436931
5e+05,308793
6e+07,67312826
5.5e+07,163838217
3e+07,107054484
2e+07,56398162
1e+06,NA
9.4e+07,934699645
12500000,23367586
4500000,25344490
9.7e+07,183124621
6e+07,199043309
2.5e+07,60694737
7500000,11843260
6e+06,267194
5.2e+07,355612291
4.5e+07,31681811
3.5e+07,111854182
3e+07,306771047
2.5e+07,97030468
1e+07,1562800
4e+06,17639
1e+06,213137
2.9e+07,33013805
1.7e+08,433058296
5.5e+07,126425115
5.4e+07,7126002
6e+07,90723216
2e+07,17430594
3300000,32059295
1.4e+07,274299
7e+06,47289758
2.6e+07,90396664
1.1e+07,24150550
5e+05,1111615
3e+07,6460758
1.25e+08,407711549
1.5e+07,55534455
1e+07,1011054
1e+06,475367
6e+07,80767884
2.5e+07,125339088
8e+07,182782518
2e+07,140122225
7e+06,719699
1e+06,703020
5.5e+07,12923936
5e+07,28920188
2.4e+07,86765463
1.5e+07,12262065
2.5e+07,56434942
1e+07,1641788
4e+06,563711
5e+07,55489826
2e+07,131945303
5800000,421021
5500000,1060512
2500000,2013052
5e+05,9470209
103000,16137
5.5e+07,47213095
2.5e+07,58240458
2e+07,6882696
4500000,1022649
6.8e+07,75685268
1.5e+07,14933713
5900000,3895664
1200000,58936
8.5e+07,74132631
5e+07,42598498
35200000,38283765
8e+05,2900578
1200000,3700000
3.6e+07,43797731
2.5e+07,35990505
1.1e+07,97837138
3e+06,2255000
7800000,24021282
5.2e+07,23010607
9e+06,12657377
6e+06,18504539
2.8e+07,39134983
2e+07,71232214
1.5e+07,34499204
4500000,4556982
2.8e+07,82183683
2e+07,5694213
17500000,325491
1.5e+07,12212417
1.5e+07,220944
4e+06,3816594
3.5e+07,11559747
1.7e+07,23734486
1.5e+08,427300260
1.4e+08,456810575
1.8e+07,62646763
1100000,81371
1.5e+08,738576929
8.1e+07,484468608
9.4e+07,936429370
6e+07,176262839
1e+07,28649556
7.6e+07,236410607
5500000,6148823
4300000,39374600
2.6e+07,160822438
7.5e+07,50409753
3e+07,26214846
2.5e+07,55443032
7e+06,196067
5e+06,121016
1.37e+08,245229234
3e+07,15358583
1.2e+07,4922166
9e+06,454255
1.2e+08,227200000
8e+06,82955633
5e+07,178890782
5e+07,88316835
1750000,634803
7.5e+07,85632458
2e+07,164675402
6500000,6173485
5400000,8133256
4.5e+07,247950247
3.2e+07,220236410
1.3e+08,273271982
4.5e+07,163126676
1.6e+07,14108518
1e+07,14156753
2e+06,37227
7500000,555335
9e+07,157092943
8.6e+07,148715342
4e+07,167851995
1.5e+07,353743
4e+06,146402
7e+07,207154748
3e+07,156822020
2.6e+07,68613992
2.5e+07,114576403
2e+06,8685632
2e+06,9505996
4.1e+07,22108977
2e+07,1646664
1.4e+07,15549702
1e+06,839145
2.5e+07,119923801
5e+06,894030
5e+05,254293
6e+07,164285587
5e+06,25913869
1.25e+08,634954103
3e+07,47902566
2.2e+07,95708457
1.8e+07,13203044
1e+06,1492895
8.5e+07,80831893
4e+07,10070651
3.5e+07,32738814
1.8e+07,57490024
1.1e+07,4234355
2500000,12267275
1.9e+07,101564935
5e+05,13134
6e+07,121327628
5.5e+07,176469428
1.7e+07,45312217
7e+06,13767816
6e+06,181798
7e+07,123954323
1.7e+07,9438074
9e+06,107967319
3e+05,3571253
1.2e+07,23693646
6e+07,11427090
4.5e+07,155200000
3.5e+07,53293628
8e+06,524747
3e+06,10051516
6e+06,3456602
5.6e+07,195660942
7e+06,17005466
8e+05,58163
250000,3809226
7.8e+07,179265204
1900000,1445140
5e+05,19800
1.35e+08,212912137
8e+07,54540662
3e+05,7808524
1.09e+08,133818283
4e+07,141484812
2e+07,59667625
9e+07,155750628
8e+07,26703184
6.5e+07,38253433
1.8e+07,77147031
4e+06,11131455
2e+06,17403168
5600000,74566042
2.9e+07,97413527
4e+06,117085297
2e+06,1660865
1500000,30351664
8e+07,266685242
5.5e+07,63537164
2.7e+07,1545064
1.2e+07,43281552
9.4e+07,NA
6.5e+07,141205169
16500000,16157923
1e+07,93074616
1300000,90213
5e+06,64240813
1e+08,95255485
8e+07,165173909
6e+07,98819789
4e+07,190212113
1.5e+07,3396508
4e+06,63180
7000,NA
2.3e+07,19123851
7.5e+07,371917043
6e+07,102332848
2.2e+07,20034713
3e+06,6879730
4.2e+07,173044410
4e+07,46176322
1e+07,6491969
2.4e+07,16980098
1.3e+07,95638592
2e+06,15396525
5e+07,6626115
8e+06,50811858
850000,865708
5e+05,1971479
1.1e+08,76482461
6e+07,99823958
5.6e+07,47313824
3e+07,29356757
1e+07,42776032
2e+06,11234552
7.5e+07,196320329
3.9e+07,6429865
2.6e+07,14469428
2.5e+07,20718223
1.5e+07,33118854
10400000,1610194
2.5e+07,622341924
5e+07,40119848
8500000,7573551
6400000,79384539
5e+06,96760
3e+07,21577076
2e+07,16612072
1.6e+07,11540112
12500000,69826708
6700000,223878
3.5e+07,116177695
1.2e+07,92863945
2.8e+07,103452875
2e+07,72703462
2e+07,8361736
3.5e+07,77392139
3.5e+07,37066129
2.5e+07,181185387
2e+07,5918742
1.3e+08,796688549
5.5e+07,153535982
3.3e+07,54533774
2e+07,8047525
6e+07,130968579
3e+07,96439723
8500000,30298347
3400000,493905
3.2e+07,29948322
3e+07,16910708
2e+07,14566246
1.8e+07,130953026
1.7e+07,2694071
7.8e+07,108086731
6e+07,170200225
9.2e+07,614726752
4e+07,35195939
1.5e+08,484161265
9e+06,12512317
7e+07,937008132
1.25e+08,556319450
5e+07,49928680
1.6e+07,14553807
5e+06,10206551
10000,1987
2.8e+07,64474705
1.8e+07,65842412
1.8e+07,16959614
1.5e+07,5953886
4e+06,10941801
1e+05,110536
6e+07,217670152
3e+07,21758371
7500000,1788324
780000,1310470
5e+05,55518641
4e+05,1162014
1.1e+08,72004159
7.5e+07,218673959
3e+07,167791704
2e+07,111448997
6e+06,221148959
7.2e+07,62176754
3e+07,116025023
1.5e+07,18524496
2e+08,783705001
1.2e+07,31286759
1.7e+08,300150546
4e+07,21215882
8e+05,62544
65000,22233808
9e+07,203877963
1.05e+08,348629585
1.9e+07,70164105
4600000,3479302
3200000,14441158
1e+08,82145379
8.5e+07,288587450
6500000,1033810
2500000,36028802
8e+07,96148711
71682975,257641634
5.5e+07,28231444
9e+06,18225165
3e+07,61950770
1.5e+07,14811980
7000,841926
6.5e+07,132397389
7e+07,172543519
2e+07,28762690
7.8e+07,43957541
3e+07,65121280
5e+05,1348750
2.7e+07,8712564
2.5e+07,70326393
2e+07,9355369
1.7e+07,177535958
1e+07,630427
2.3e+07,12291975
1.2e+07,17322212
9.2e+07,23911362
3.5e+07,22913677
3e+07,26323969
2.5e+07,31635150
6800000,9533964
2.5e+07,89476265
1e+07,9408183
2600000,3292333
7e+07,49730854
3.5e+07,41666476
3e+07,21827296
1400000,56073
5e+07,117211892
4e+07,463730
3e+07,10419084
5e+06,30332385
1e+06,227241
5e+07,125168734
4.5e+07,61475984
2e+05,346106
1.1e+07,13353855
1.7e+08,319090241
1.1e+08,362989076
5e+07,34806726
2e+06,105377
4e+05,31425
4e+07,118097882
2e+07,50948811
1.8e+07,14488705
1e+07,70527
1.7e+07,109793192
1e+07,187281115
5e+06,8655397
2e+05,439651
4e+07,124823094
2e+07,14603001
1200000,103880027
1.2e+08,107212751
1e+08,96221971
5e+07,208094550
4e+05,46122713
4.5e+07,122071435
1e+08,331323410
3e+07,142051255
5e+06,40311842
1.55e+08,167297191
5e+07,96469187
7500000,3347647
5.5e+07,69759296
5500000,83529758
4e+07,92111551
2.6e+07,28703083
5.7e+07,38329114
5e+07,263894551
2.9e+07,24716190
2.5e+07,115036108
1.1e+07,13000959
7e+06,7017859
3e+07,231928227
1.1e+08,208370892
1e+08,212956024
7.5e+07,54344321
7.5e+07,34009180
2.4e+07,8292914
13300000,39686345
1e+07,290875
6e+07,516567575
5.5e+07,154017885
17500000,36521223
4.5e+07,48563556
10600000,34409206
3e+07,18765585
2.6e+07,63489752
4e+07,158527918
2.5e+07,41560117
4.5e+07,17492014
5500000,8589831
750000,229250
6.5e+07,56409722
4.5e+07,76665507
3e+07,89955540
3e+07,36040895
2e+07,98114471
425000,12604
2.5e+07,123696741
2e+07,8178569
5e+06,83356
70000,4930
8e+07,6300451
3.2e+07,88978458
2.5e+07,5654777
5.5e+07,53913573
1e+08,59918422
7.5e+07,221594911
1.5e+07,33508485
13500000,93631744
5e+07,22099706
3.5e+07,25114901
5500000,50458356
8.8e+07,105021488
2.5e+07,13424365
1e+06,3553253
5e+07,161941727
2.5e+07,25732334
2e+07,10468867
1e+06,3700
6e+07,101382396
3.5e+07,102115888
3500000,96793
3e+06,6239723
1500000,1126258
2.5e+07,38351350
2e+07,67192859
1.5e+07,47175038
7.5e+07,94944017
5.6e+07,198006880
28500000,15452978
4600000,3099369
7.2e+07,96947540
6e+07,310043823
1600000,3264
1500000,58692
18500000,109175673
2e+06,466106
2e+06,2226603
9e+07,162753837
2.5e+07,41921590
2.5e+07,4049527
2e+07,375474
15500000,517262
6e+07,71073932
4.5e+07,102746214
1400000,1261792
30000,82698
5.3e+07,109848461
1.2e+07,19287485
6800000,49526
5200000,1695126
1100,181041
3e+07,197593152
1500000,11191423
4.5e+07,155931301
4.5e+07,55842724
4.3e+07,49037621
2.7e+07,16566235
6500000,11745931
5e+05,9387581
1.15e+08,848998877
8.2e+07,190320568
7.5e+07,556559566
2500000,1269705
1.1e+08,218853353
3.5e+07,70064800
7303082,101173038
3e+05,10514
1.5e+08,359142722
1e+07,19535005
2e+06,9615464
1700000,4727375
5e+07,144110682
8e+07,131159306
18975000,47751015
3400000,133276359
1700000,661221
7e+05,4857731
1.32e+08,606836535
1e+07,92094360
1800000,1322161
2e+05,6260
2e+07,30491379
7e+06,56586901
1125000,18673274
2.5e+07,18991288
5000,1338
1.5e+08,475825484
4e+07,283218368
3e+05,87264
250000,237816
1.2e+08,163018913
3.5e+07,33500620
7e+06,20940428
2800000,23591783
250000,191862
1.38e+08,76416746
3.5e+07,83109359
3.5e+07,58405313
1.45e+08,121671925
4e+07,50071069
2e+07,102034104
87500000,330717080
6e+07,49473093
350000,1772979
3e+07,3252550
3.5e+07,64188387
2.6e+07,177344230
2.6e+07,96666486
8e+07,105299638
3e+07,27147991
9e+06,1069318
25500000,86301599
3e+07,18535575
2e+07,10393696
1.8e+07,144529078
2e+05,44701
4e+07,46666955
1.8e+08,720539572
8.5e+07,161510853
2e+07,27836366
13900000,177012173
1300000,329621
5.8e+07,100687083
4.2e+07,60437727
2.5e+07,881745
2e+07,8284331
4e+06,1919197
1e+06,15943081
1e+06,1549000
6.5e+07,26670920
5.5e+07,214392904
3.2e+07,61477797
3e+07,114770654
1e+07,17433072
8e+06,446438
1600000,129319
1500000,172569
5e+07,41982227
3.9e+07,40319440
2.5e+07,15468266
1.2e+07,994790
7e+06,49924079
4e+06,973613
3e+06,4655
1.1e+08,486124090
5e+07,69425966
2.7e+07,13174426
2.4e+07,237814327
2.4e+07,1696765
2850000,6435262
4e+05,NA
5.4e+07,50719373
5e+07,22969202
2.5e+07,1415656
1.8e+07,37048526
7e+07,54612337
3.2e+07,39498360
3e+07,23676771
1.5e+07,16829464
7500000,11758418
6500000,2025032
5e+05,4134
8e+07,141475336
2e+07,15466961
5e+06,152925093
5.5e+07,366784257
2e+07,55686944
7e+06,25269040
2e+06,691880
8e+07,260700012
7.5e+07,77636443
1.2e+07,28915761
6.5e+07,58545540
2.8e+07,126549607
2.2e+07,57520063
1.5e+08,896911078
2.9e+07,187707495
5e+07,92690959
4.5e+07,72359917
4e+07,31670620
2.2e+07,9448623
6e+07,10597070
4e+07,92256918
3e+07,92494381
2.2e+07,45273464
2.07e+08,550517357
1.5e+07,13454474
4.5e+07,32952995
1.8e+07,92357499
1.4e+08,203018919
6e+07,135015330
1.6e+07,2814566
7.5e+07,131492772
8e+06,19891331
7e+07,88933562
3e+07,26184400
1100000,29005064
1.5e+07,87973835
1e+07,17300838
1.5e+07,909822
2160000,37865
1.2e+07,43924923
5600000,7009668
2700000,31517561
2400000,500296
30000,103509
3.5e+07,46309644
1e+07,14321070
4.5e+07,43343247
3e+07,42799060
17500000,109843390
4.5e+07,113417762
1e+07,11924041
1e+06,16553163
4e+07,137047376
2.5e+07,128745578
14200000,543306
7900000,3129471
5300000,29197694
4750000,3061763
1600000,145382
5.2e+07,205727307
1.5e+07,11599903
1e+07,3260179
15000,195254
4e+05,2797199
4e+07,120455994
2e+07,85146165
4200000,33913542
3500000,113783
2e+07,28058652
1.7e+07,9729088
1e+07,63320521
3e+06,11537539
1.5e+07,67215435
4.5e+07,65595141
3e+07,30962112
2.2e+07,23134075
1.2e+07,22978953
3e+06,12051924
1.49e+08,179357126
1.8e+07,261443242
9400000,87226613
3700000,3355048
5e+07,130214162
2.5e+07,55279608
1.3e+07,2898225
7500000,40016662
3e+06,95204
5e+07,185798265
2e+07,23187506
1.7e+07,15680099
2900000,3127472
5e+05,602789
7.5e+07,651899282
7e+07,35417162
1.7e+07,21170563
15250000,12930343
2500000,497195
450000,4243996
4500000,23471871
7.3e+07,162870525
5.1e+07,118583844
8e+06,12740705
7e+06,57051053
4e+06,10770993
2e+06,1985292
8e+07,99010667
4e+07,178710620
950000,8267066
6e+07,78080697
5e+07,94704227
1.7e+07,16510971
1e+06,NA
5.5e+07,87524497
2e+07,30399714
1.8e+07,77635035
9600000,5256839
8e+06,18959424
3e+06,11322573
12000,1336
10000,138711
1.5e+08,397501348
3e+07,35869934
2e+07,5313608
1.5e+07,8224998
1.4e+07,30443277
8e+06,973443
9e+06,16235738
1.25e+08,767820459
8e+07,343397247
8e+06,18828036
1e+06,52769915
2.1e+08,459359555
7000,71644
2.5e+07,3605420
1.2e+07,196857
5e+06,6590172
4800000,82241110
2.5e+07,119295584
9e+07,289660619
1.6e+07,50517763
1.4e+07,14121177
1e+07,38364855
3e+06,252726
8.5e+07,157794205
6e+07,147985373
4e+07,114830111
3.2e+07,99296462
5e+05,3177636
82500000,237685089
1e+07,32430721
2e+06,5361
2.32e+08,374085065
2e+06,2077844
1e+06,1849392
250000,51540
3.5e+07,326073155
3.5e+07,65063726
3e+07,65390493
2.7e+07,55495466
6500000,18110152
3e+06,7301115
1300000,1738663
2.25e+08,NA
2e+07,7405084
1e+06,215559
6.4e+07,101636047
5.4e+07,130402010
1e+07,241719
5e+06,648183
7.5e+07,141267370
7.5e+07,72785169
3e+07,60772856
5e+06,27342246
2e+05,7033
8e+06,100642353
1.35e+08,163818556
4.5e+07,49610898
4e+06,40103262
2e+07,38164784
5700000,43044087
2e+06,759504
1e+08,171377916
8.5e+07,205190324
4e+07,121032272
2.5e+07,21970831
3.3e+07,62020814
16500000,83792062
9e+06,2548378
8e+06,143782
4e+07,58501127
17500000,20159316
1.5e+07,12669914
9e+05,381420
3e+05,399908
7e+07,461651246
1e+07,26716191
6.5e+07,163295654
6e+07,49238525
3e+07,41457834
2800000,475000
6e+07,14816379
5.5e+07,9521458
3.5e+07,19282590
1.8e+07,2401413
1.1e+07,85278712
6e+06,15137932
3200000,690872
6e+06,49155371
8.5e+07,191932158
7e+07,94973540
2e+07,17807569
1e+05,10243159
1.5e+07,128885873
8e+07,158926474
5e+07,71052604
5e+07,82751189
2.5e+07,112798051
2e+06,12667
6e+07,87123569
5e+07,128402901
1.7e+07,70355813
3.5e+07,42064105
3e+07,53572822
16800000,2281089
1.1e+07,6586324
6e+06,119452
2e+06,6225304
4e+07,20722450
2e+07,70743839
2e+07,41342180
2e+07,13725032
1.5e+07,22165608
1.3e+07,2613717
4700000,239962
350000,84689
5.3e+07,63657941
4e+07,104407366
4e+07,60862471
1.5e+07,21896367
1.2e+07,8706701
2e+07,132121212
1.4e+07,5782198
1e+07,163876815
3.5e+07,12506188
20500000,30241435
1.2e+07,110989157
10750000,32575443
3750000,1178175
7e+05,4911725
450000,1297745
1.02e+08,594420283
8.5e+07,385000317
1.4e+07,20597806
1.2e+07,5549923
4e+06,4630045
3700000,13447998
8e+07,181038616
5.1e+07,46815807
3.5e+07,15461638
9e+06,14443
8300000,24906717
3e+05,33312
1.6e+08,181674817
3.3e+07,27610873
2.8e+07,38159905
7e+06,463039
5e+06,4414753
1125000,414736
1e+08,249488115
82500000,143985708
7.5e+07,155708695
5.5e+07,307325633
3.2e+07,1308696
18900000,26063572
2.4e+07,156229050
19400000,15118795
1.3e+07,67867998
4.5e+07,76904429
6e+06,7818479
1.1e+08,579446407
6.5e+07,43545364
7.6e+07,69845011
27500000,50578411
63700000,133603463
3e+07,35891257
1.6e+07,87041569
3300000,19875
4.2e+07,83833602
1e+06,5382
5e+05,3e+06
27500000,219265952
9e+06,3922043
989000,8158
1e+06,844377
2e+07,86858578
1.7e+07,57263440
1.5e+07,6551310
3.9e+07,69538833
1.6e+07,53774833
7e+06,1661464
8.5e+07,83080084
6e+07,253555383
1.5e+07,10951153
1500000,22217183
1.51e+08,708272592
1.5e+08,287594577
1e+08,267985456
2.7e+07,9352089
4e+07,146300356
1.2e+08,229545589
2.5e+07,137984788
3.2e+07,77593167
1.3e+07,11141213
1e+07,21851362
3.5e+07,70187088
1.3e+08,442161562
2.5e+07,14334401
16500000,39380876
5250000,786677
5e+06,1375194
6e+06,26007
4e+07,79123
2e+07,81461343
1.4e+07,13205411
8300000,25670174
6e+07,95538560
3.5e+07,96096018
2e+07,20081987
1.5e+07,37466538
8400000,6831069
1300000,635305
6.1e+07,145594548
2.58e+08,890875303
5.5e+07,6521829
1.3e+07,5175088
1e+07,7037886
8e+06,414617
2e+07,118537627
15500000,1237615
750000,5520368
1.6e+07,81742618
10500000,14140402
10800000,2862544
7400000,9443864
4.7e+07,37923818
2.1e+07,43632609
2e+07,8135024
2400000,1420418
4e+07,62226214
1500000,194568
21500000,92987651
1.5e+07,22441
5e+05,53201
7e+06,231450102
150000,23344056
1.6e+08,807330936
1e+07,5950002
8e+06,127188
3e+08,963420425
4e+06,8302995
5.3e+07,50187789
2.5e+07,7164995
2.2e+07,27238354
1.2e+08,288215319
3e+07,7755686
2e+07,30703845
8e+06,456814
3e+05,70807
2e+05,1217
1.75e+08,174131329
22500000,131263370
1.5e+07,19153568
9e+06,36535837
4e+06,3858964
1.1e+08,382288147
1.5e+08,626549695
1900000,139317
4.8e+07,71171825
4e+07,7729552
1.1e+07,3231251
1e+07,900926
2e+06,1134358
1500000,240396
2.05e+08,367262558
3e+07,129779728
2600000,71248
8e+05,200433
8.5e+07,185708462
7.5e+07,203035572
4e+07,32030610
2380000,8739576
72500000,527071022
2.8e+07,91943956
21600000,791154
7e+06,5694308
2e+06,1433319
1e+08,145395745
8.5e+07,311744465
15500000,88611837
7500000,33606409
6e+06,18209872
8e+07,40147042
6.7e+07,25357771
2e+07,46790428
17500000,169955142
2.5e+07,234981342
2.5e+07,40686409
1.3e+07,3260555
10100000,1066555
2500000,72260
2e+07,16907831
1.5e+07,77514401
4500000,51957
5e+07,80583311
2200000,388390
2e+06,81197047
6e+07,454161935
1.2e+07,92618117
9e+06,3438735
8500000,20288774
3.5e+07,63211088
2.5e+07,164051250
3e+06,163069
5e+07,56077088
4.5e+07,29367143
3.2e+07,79915361
2.3e+07,24489150
1e+07,1165102
3500000,221096
4.5e+07,146162920
3e+07,15313631
2.5e+07,59183821
2e+07,56822960
16500000,13636339
72500000,86509602
2.2e+07,146590987
1.5e+07,65261291
1.2e+07,1513388
1.8e+08,256585882
7e+07,137022245
6400000,8902141
3e+07,80276156
27500000,26939925
1.9e+07,34352162
1.6e+07,8120148
1e+07,1051907
4600000,731767
1e+06,473769
6e+05,23616
1e+07,135759694
3300000,12405473
2e+07,20819601
1.5e+07,64232714
8e+06,458232
1500000,139084
1.5e+08,942943935
1.7e+07,364607
1.5e+08,194995215
4.5e+07,31077418
5e+06,861325
8.5e+07,340384141
2.5e+07,66015869
2e+07,12397613
17500000,99135571
1.3e+07,49733545
1.3e+07,57189408
9e+06,10642023
1.4e+07,22754472
8600000,32968648
8e+07,113325743
1.4e+07,75525718
5.5e+07,74870866
2.8e+07,55307857
1.5e+07,55934178
12500000,11277119
1.5e+08,585532684
5.5e+07,362605033
3e+07,2717302
2e+07,74180745
250000,284174
7.5e+07,119512771
3.5e+07,20606053
3e+07,155769678
1e+07,1537479
4.5e+07,174810815
4e+07,128884494
4e+07,103429755
1.5e+07,30261293
7300000,25397460
2.5e+07,77208711
4e+06,79250193
2.8e+07,22860477
17500000,60865364
16500000,21404122
2e+07,6947084
1.2e+07,57577765
1e+07,21596074
6500000,70712099
1600000,14253760
1.5e+08,624234272
1.75e+08,405760225
2.1e+07,17589867
1.5e+07,1590246
1e+06,6030129
2500000,13881317
3e+07,160247805
2.5e+07,171302226
2.2e+07,25044057
4900000,15198
2e+06,2350641
1e+06,304472
1.5e+07,26170402
47500000,112214531
3.5e+07,52649951
3e+07,84646831
1.7e+07,8607815
9e+05,11993156
1.86e+08,584604126
4e+07,106548738
7e+06,2667084
2e+06,11263263
92500000,162839667
82500000,223636949
17500000,148586910
7e+06,55617866
6e+06,17252287
2750000,5394447
4e+07,150886329
2e+07,30894247
1.2e+07,5295909
7500000,4151836
6250000,20199663
50000,406299
5.5e+07,43980363
4e+07,78269970
6e+06,3330012
2.8e+07,12031443
2.5e+07,20052958
2e+07,154218168
2e+07,7022183
2e+07,4504111
1.2e+07,17475475
1e+07,33886017
8.5e+07,299477886
3.3e+07,21621188
2.1e+07,39319801
1.5e+07,8200127
1700000,23271741
4e+07,49686263
2e+07,41975388
8e+06,47782426
3e+06,115879
850000,442638
3.5e+07,159846429
3.5e+07,73026302
2.5e+07,11229035
1e+07,33512260
250000,67665
2e+07,44513466
5.8e+07,41348628
3.7e+07,101857425
2.5e+07,22910563
1e+07,22198996
1e+06,16173879
113500000,132999811
18500000,33954018
3e+06,895932
5.5e+07,129075270
3e+07,105173042
3e+07,32955399
1.2e+07,7203439
8e+06,3270974
5e+05,32033
3e+07,64170447
2.5e+07,12850033
2.3e+07,4673377
1.2e+07,43353117
5e+06,332120
4.5e+07,46598133
6e+06,36497
3.5e+07,10157534
2.9e+07,28452945
1.2e+07,8942516
2.25e+08,417341288
1.85e+08,786558145
2e+07,8221700
1e+07,1299855
4600000,968805
57500000,415247258
9e+06,83051676
5e+06,67505
1.3e+08,631910531
9e+07,202910991
1.8e+07,27147349
8e+06,2476491
2.7e+07,44270131
2.6e+07,102404019
5e+06,4815890
137500000,263417913
6e+07,162778384
2e+05,140016
8e+07,226739416
6.2e+07,40123346
1e+07,17657973
2500000,3838486
1.8e+08,532590994
7.5e+07,342416460
1.05e+08,269065678
2e+07,66143005
2e+07,47300771
1.2e+07,2975188
1500000,414404
1.5e+08,599516844
4e+07,12345883
2.8e+07,94500826
12500000,44083403
8500000,198883
1.85e+08,NA
5.2e+07,615748877
3.7e+07,67029956
1.5e+07,6379575
30000,243768
6.5e+07,128468793
3.5e+07,68170792
1.6e+07,247474497
1900000,5617067
1e+07,8243567
72500000,109362966
27500000,43607627
1.5e+07,34533783
1.8e+07,27794339
9e+07,191091250
10000,NA
3.5e+07,77220596
2.5e+07,43530281
1.6e+07,104504817
8500000,68695443
1.5e+07,8767338
6.5e+07,72516819
2.5e+07,71390601
2.3e+07,11778396
9e+06,4934104
3.8e+07,5473041
2.2e+07,27882226
4.5e+07,70216497
2e+07,36720752
6e+06,6176114
4900000,7174984
1.2e+08,93394462
3.5e+07,218535708
450000,22623
2.7e+07,45160110
2.2e+07,31013349
2e+07,44821299
2e+07,27911453
2e+07,34787111
2e+07,29843245
6537890,14319195
8e+07,178066569
4.5e+07,9676497
1.4e+07,266967
3400000,4124277
5e+05,33473297
67500000,118556530
3.8e+07,17830244
37500000,9813309
1.2e+07,41924774
2e+05,212989
2e+05,52443
32500000,112964875
3e+05,1416046
3.5e+07,85761789
2.7e+07,2412123
25100000,28575778
1.9e+07,10412485
1.1e+07,39984023
5.5e+07,113805580
3e+07,43440721
2e+07,4453327
2e+07,4383538
1.1e+07,274392880
10800000,118209778
4500000,12247682
2e+06,2046090
4e+05,655538
2.4e+07,36856306
5e+06,15318257
2500000,507446
2e+06,4294373
1500000,173066
240000,7484
6e+07,13233220
1.5e+07,13248444
2e+07,65454793
1.8e+07,57193655
4e+06,19174817
82500000,160388063
6e+07,50648806
4.5e+07,243180937
3400000,12636
2.3e+08,591692078
2500000,174255
1.5e+08,328015209
3.7e+07,402280159
1e+06,26822
1.3e+08,215080810
8e+07,168311558
2e+07,57293371
6e+07,78481410
3.7e+07,168167798
1.6e+07,50103808
1.4e+07,384519665
8e+07,233066978
5.8e+07,30118557
4e+07,915840
2.5e+07,274543085
2e+07,53191101
2600000,564474
6e+06,46634275
6e+07,90482317
5.4e+07,166617328
5e+07,225990976
1.6e+08,329809326
9e+07,203902107
8e+07,221468935
6e+07,247812011
6e+07,39006188
2e+06,13912289
4.5e+07,79564960
2e+07,38585047
1.8e+07,627422
1.6e+07,31631
1.5e+07,3436763
13700000,11738256
5e+06,1504960
2700000,5377665
1200000,81338
1.5e+08,374825760
102500000,212282709
9e+07,859701857
5e+07,52987754
3.5e+07,122213085
2.6e+07,185904750
1.9e+07,45005151
1.4e+07,102836002
6e+07,66655938
5e+07,1250617
3.5e+07,89102315
750000,814801
2.5e+07,226941585
8e+06,29937909
3250000,34114067
23600000,102236596
18500000,32679264
1.5e+07,18856151
7e+06,30360570
5e+07,53850527
1.7e+07,92670237
1.2e+07,16349034
6200000,37339594
2e+07,18608570
17500000,90508336
5e+07,12335036
5e+05,77121
8.5e+07,363064265
9800000,17553055
5e+07,105103783
1.5e+07,46526243
6e+06,4713059
5e+06,17329337
6e+07,81079566
5e+07,186450317
4e+07,91729503
2e+06,30955
1.75e+08,381687380
2e+07,17306648
5e+07,42002029
1.5e+07,40127259
7500000,10849158
3e+07,166842739
2.6e+07,45043870
2e+07,23661038
2e+07,9208876
4300000,9791282
6e+07,88832210
4e+07,139474906
2e+07,35472739
2500000,108907
4.7e+07,116773317
5e+05,44793168
6e+07,38389024
2e+07,73964713
1.8e+07,315000
1e+08,69548641
3.5e+07,465764086
2.1e+07,10108016
1.7e+07,20465206
1.2e+07,1620056
1.5e+08,490875846
2e+07,5531756
2e+08,365491792
1.5e+08,402231063
2.5e+07,32092761
1.4e+07,20537741
1300000,1005840
1.75e+08,731542621
3e+07,91388487
1.3e+07,109421911
1500000,31916
6e+07,126037057
4e+07,181053657
3.8e+07,44411527
6e+06,1418304
1.38e+08,184068357
1.9e+08,315709697
2.5e+07,26341896
2.4e+07,67348218
1e+07,68722848
1e+07,49486874
6e+07,57604723
4e+07,314709717
1.5e+07,35106706
8e+05,2194020
1.7e+07,13446115
2.1e+08,836519699
27500000,96673002
2.3e+07,2715657
1.5e+07,49894223
3500000,1396395
1.2e+07,5400624
5e+06,4568257
1.75e+08,302469017
4e+07,126646119
1.4e+07,22815460
1.2e+07,20122558
2100000,23266821
2.5e+08,935083686
1.5e+08,292817841
3.8e+07,205298907
2e+07,78769428
3200000,2828590
72500000,71880305
4.5e+07,59551283
9e+06,1635241
3e+06,10473836
1.4e+08,385680446
6e+06,1365108
4e+06,384244
3e+06,10172519
3.9e+07,102332135
3.4e+07,205312666
3e+07,212453431
2e+07,12967829
1e+07,15297318
5e+06,8297
7e+07,316915264
2e+07,29870801
19700000,16498827
1.5e+07,6561243
1e+07,295750
1e+07,997921
2.9e+07,10066366
4e+07,187384627
1.5e+07,38512850
1e+07,19716
3e+07,115150424
2.9e+07,1733532
1.6e+07,78208812
5e+06,10732909
3e+07,48559999
6e+07,172450423
11400000,29830239
1e+07,721108
7500000,29652736
6400000,4199874
1500000,52429
230000,2703762
8500000,17220091
1e+08,236827677
2.2e+07,41771168
2e+07,1167092
1.8e+07,36133014
1.6e+07,31943401
1e+06,1355079
1e+07,90909
2e+07,19121531
8e+07,119668350
4e+07,17033431
2.3e+07,50813834
1.8e+07,80227619
7e+06,1429453
450000,194183034
3e+07,169173206
3e+07,58228460
1.8e+07,27148898
4.2e+07,130788243
1.8e+07,16382538
1e+08,99123656
5.3e+07,131159781
2e+07,29227561
1e+07,9069
6.5e+07,41636243
4e+07,19756077
4e+07,39753957
1.5e+07,7583050
1.1e+07,69752402
1e+07,723388
1.4e+07,1553556
6e+07,252091016
9500000,118482
8e+06,10629320
1e+06,102812
825000,610776
3.5e+07,12254746
1.9e+07,51733921
12500000,26735797
160000,156612
9.5e+07,94894448
6e+07,124514011
7e+06,28142379
1070000,5348767
2e+08,788408539
5e+07,37472651
4e+07,47085064
6500000,1744952
6e+07,108996113
5e+07,687557727
4e+07,119627047
3.5e+07,305705794
2.5e+07,12413949
2e+06,17896
1.05e+08,270997378
5e+07,62209892
3.5e+07,95104304
2.5e+07,29206732
2.5e+07,1190003
1.1e+08,152364370
5.5e+07,16123323
5e+06,10676073
1e+06,4731944
8500000,47417251
4.25e+08,NA
8e+07,53508858
5.8e+07,80480566
3.5e+07,31878891
7e+07,443483213
9e+07,498438212
8.5e+07,224614744
3e+07,64352607
2e+06,3620902
1.8e+07,25727044
36500000,1.5e+07
2.3e+07,44195779
2400000,1333891
820000,16909
640000,14812
1.25e+08,493214888
1.5e+08,319713881
2e+07,67950723
350000,310891
4e+07,224922135
2.7e+07,28773827
2e+07,28270399
3e+06,1022453
2900000,172867
8e+07,158750817
2.8e+07,46752858
1.8e+07,15696146
3e+06,5922292
4.8e+07,112610386
3.1e+07,15826984
2.6e+07,67647574
9e+06,208163
5e+05,3824868
7e+05,1160
6e+07,82812456
2e+06,102645
4e+07,38899792
2e+07,60831067
9e+06,85527
6e+06,117796
6e+06,13722
15000,115592
8e+07,299461782
4.5e+07,65532491
3e+07,52339566
1e+07,109383
1e+07,106466
3750000,44462
3.7e+07,55909910
1.9e+07,56445534
15500000,318623
1.3e+07,19910624
1e+06,2721096
3.2e+07,43603990
12500000,46370970
1.2e+07,310946
1e+06,11574
4.2e+07,8514325
2e+07,873617
1.3e+07,331266710
1.3e+07,23014027
4.5e+07,135808837
3.2e+07,18195238
1.5e+07,76954311
9500000,5278632
6e+06,8173486
1.65e+08,494870991
3.6e+07,65967750
1.3e+07,11831131
7e+06,46488
3e+06,133411
2e+07,92678948
7.5e+07,95572749
5e+07,89895930
4e+07,91455875
3e+07,26857459
1.2e+07,557545
2e+07,22139590
2.8e+07,97531134
2.1e+07,48977233
12500000,3931367
1e+07,3541565
8300000,1353296
3500000,40527719
8e+07,86787530
3.5e+07,75281179
2.5e+07,29863840
1e+07,42226657
3.5e+07,117729621
3.5e+07,39340177
10100000,18726300
9900000,458054
7300000,12023606
3800000,340930
3e+06,4570178
5.2e+07,53139168
2.5e+07,142033509
9e+06,148826
2e+08,NA
1.7e+07,39233233
8e+06,3582797
1.3e+08,321887208
6.5e+07,211739043
2.1e+07,38017873
1.8e+07,60217171
3750000,2436111
2.1e+08,322241588
3e+07,82148538
1.2e+07,21867665
9e+06,883887
5e+05,12232
1.65e+08,756244673
12500000,4360548
1e+07,8629895
9200000,17155193
6600000,NA
9.5e+07,294680778
2e+08,314594597
7e+07,38992292
4.2e+07,11756922
5e+06,16515203
4200000,101740
1e+08,170936470
3e+07,165889117
1.4e+07,4127619
1e+07,17704131
2e+08,NA
4.7e+07,11022696
1.3e+07,3617277
1e+07,15132211
7e+06,10062896
2500000,100280
1.17e+08,258751370
7.5e+07,272223430
1.4e+07,1903952
323000,1373407
6.8e+07,706102828
2.5e+07,146149
1.7e+08,623561331
7e+06,6537179
1.6e+08,217986320
1.6e+08,832584416
5700000,731613
5600000,531806
1.3e+08,290650494
1.5e+07,27469621
4500000,281447
4500000,32961
8.5e+07,114979922
6.9e+07,86796502
4.4e+07,48478084
7e+06,10828305
7e+06,492108
2e+07,51445503
1.9e+07,32618920
1.8e+07,19685588
3.8e+07,105887837
3.5e+07,60376247
2.5e+07,16727470
2.2e+07,4065020
1e+07,1642939
8e+06,6632950
2e+06,7799257
1900000,7785229
1750000,1278471
8.5e+07,48056764
8.2e+07,268268174
6e+07,206598789
4200000,8078683
2e+07,81424988
3.5e+07,97799865
2.4e+07,83660160
1.9e+07,49858465
1.8e+07,25941437
1.7e+07,24719879
4900000,23347469
3.2e+07,70587268
1.5e+07,7885048
2e+06,10024
1800000,70165900
1.6e+07,47707417
5.5e+07,152269033
4500000,2481925
3e+06,3237452
2500000,118666
1900000,740932
6.9e+07,543495033
4e+07,127234389
5600000,18527766
4e+06,36275469
1.5e+07,11173718
3.7e+07,152566881
2e+07,48958353
1e+07,63354114
8e+06,76200721
6800000,16038343
1.5e+07,34247816
1e+08,139716717
7e+07,137431619
2e+07,32838945
1.6e+07,1467278
2e+06,636706
1987650,21270290
1.2e+07,1595168
57500000,295874190
6750000,6812530
5e+06,282687
4e+07,59795070
1.55e+08,418186950
1e+08,278731369
2e+07,277943
1.1e+07,129262388
6e+07,196439693
5e+07,105246941
2e+07,171685793
1.8e+07,157002
12500000,11826980
1600000,2595644
4e+05,433588
30000,9812
3e+06,177512032
1.7e+07,133735284
1e+07,355919
8e+06,5314194
5e+05,5639730
1.6e+07,64733391
1.1e+08,177241171
4e+07,351774938
2e+06,16131551
2e+06,10679
1.25e+08,960283305
3e+07,67255916
8e+06,15644196
2.6e+08,586581936
9e+07,20466016
5.5e+07,90552675
3e+07,102716321
2.4e+07,35792945
1.5e+07,430821168
1.5e+08,142634358
9.5e+07,223050874
5.2e+07,217569328
8470000,42355526
1e+08,97523020
2e+07,48680977
1.6e+07,56506120
1.4e+07,21410546
40000,25572
9.5e+07,169511609
1e+07,78693371
50000,424149
2e+08,400062763
1.2e+08,49628177
8e+07,204774690
12500000,2272186
5e+06,6205034
1e+08,310650574
3.5e+07,252276928
1.5e+07,20601987
7e+06,17023121
1.12e+08,232017848
1.7e+07,8609949
8e+06,20005613
1e+06,16566240
3e+07,53048539
2.5e+07,71594792
2.5e+07,9445081
1e+07,15037867
9100000,18872126
6.3e+07,188657593
3.2e+07,140428499
13400000,164247
5500000,15867314
4e+06,120016
2500000,593933
1500000,99870886
5e+05,680914
3e+07,61449135
2e+07,39686769
1e+06,51587
1.1e+08,229155503
7e+07,70546865
3e+07,8845575
3800000,41914
2.5e+07,149228078
42500000,76347393
3.7e+07,97143987
3.5e+07,24687524
2.5e+07,32209741
5e+06,26517819
4500000,9330465
6500000,20412841
5e+07,146195159
4e+07,136123083
3.2e+07,82332450
6.8e+07,87173475
5e+07,41042583
5e+06,46263525
2e+05,2430735
1.6e+08,355408305
3200000,14314407
1900000,4581937
4e+07,87145086
4e+07,101162106
2.7e+07,155564919
5800000,9662214
7.5e+07,89758389
1.8e+07,73695194
6e+06,408159
3e+07,104283753
1.6e+07,52545707
1.35e+08,245504574
50200000,126931325
1.9e+07,7576604
1.7e+07,38028230
6e+06,13168809
2.5e+07,8208594
8.5e+07,150422946
2e+07,36265745
1.5e+07,1148578
9e+07,487519809
4e+07,95989590
2.5e+07,15907411
3.8e+07,116809717
2.5e+07,53345287
5200000,11633427
4e+06,679482
1800000,783733
1.25e+08,629969804
3e+07,23353111
2e+07,6093725
8e+06,10763183
9.3e+07,482860185
5.2e+07,75835124
6e+07,84154026
32500000,289527030
7e+06,382946
5e+06,2821010
2450000,182358
2.5e+08,NA
3e+07,162838373
1300000,13465
1.5e+08,664837547
8e+07,586464305
3.5e+07,61721826
7250000,35122948
1.5e+08,449326618
3.6e+07,4020990
3.5e+07,65084116
2.1e+07,5046038
7e+06,38158601
3e+06,834953
2e+08,219535492
5.5e+07,189624452
4e+06,1989035
1e+07,1230542
2e+08,560155383
1.9e+07,215448997
1e+07,1884251
4600000,9261711
1.95e+08,NA
4e+07,91126600
1.1e+08,263880341
3e+07,8593154
2.3e+07,77735925
4500000,1217307
1.25e+08,NA
3e+07,50145607
6e+06,11348205
5500000,28468
1.4e+08,370569776
3.5e+07,146595891
14500000,25480031
175000,2102779
1.63e+08,175910315
1.1e+08,563749323
5e+07,147142328
19100000,2406666
1.3e+07,6459183
6e+06,21197454
1e+06,1239174
560000,3709
5e+07,26121638
4e+07,47787943
3e+07,65343694
1.8e+07,47158652
2e+06,1869928
8e+07,170805525
3.5e+07,212417601
2.5e+07,5297411
5e+05,1131261
9e+07,63356133
3e+07,40520649
2.7e+07,80681183
1.5e+07,59168692
1.2e+07,87793
4500000,2404639
2900000,25935
1500000,184705
1800000,842693
4e+07,72295262
2.5e+07,39126427
1.1e+07,229653
5e+06,25861249
2300000,29384
9e+05,958978
2e+07,46604054
6e+07,137551594
2.5e+07,24215385
1e+07,2529395
3e+06,331000
3e+06,5073
2e+06,2151887
750000,7712436
3.5e+07,84606030
2.6e+07,146850273
2.5e+07,38749404
2.1e+07,81452811
1.2e+07,22750356
2.5e+07,11253821
2.4e+07,24474463
1.5e+07,78054825
8e+06,2772511
7200000,295492
7e+07,65409046
5e+07,111300835
3.7e+07,96068724
3.5e+07,86648359
3e+07,3721988
4e+06,1983596
190000,1577585
5e+07,41642166
2e+07,30163785
1.4e+07,623292
8e+06,41334735
5e+06,5476793
4750000,4972016
2e+06,35185884
5e+07,257972745
3500000,5706638
2.5e+07,213120004
4.1e+07,7684524
3.8e+07,27501814
3.5e+07,786532
2.4e+07,62989834
8e+06,3505823
9e+07,139877913
4.5e+07,164539660
7e+06,1891936
5500000,13480196
5e+06,202053386
4200000,313230
3400000,20433227
1e+06,5438911
1.3e+08,554987477
4.5e+07,21544732
3.5e+07,165103952
27500000,15815509
250000,3731489
8e+07,214974953
3.6e+07,193737977
2.5e+07,36054706
1.3e+07,99034125
1e+07,7862131
1500000,372239
1200000,7826
40000,3632
1.5e+08,39549758
7e+07,213463976
4.2e+07,91678442
1.2e+07,1188194
3e+05,39475
7.9e+07,150519217
7.5e+07,211562435
9400000,21817298
2e+07,175507800
1.35e+08,157956466
127500000,689420051
4e+06,978527
1.8e+08,180047784
8.5e+07,149717124
4.5e+07,160971922
2e+07,14807531
1e+07,34240572
1.6e+07,128256712
4e+07,155011165
2.8e+07,40966716
9e+06,17462398
1.45e+08,694713230
1.25e+08,535663443
8e+07,349088523
2.5e+07,38112154
9e+07,239373970
1.3e+08,373993951
7500000,8539003
5e+07,118729073
1.3e+07,509193
7e+07,156815529
4e+07,55247881
34800000,62831715
8e+05,24426169
1.2e+07,1828400
9100000,20927794
6500000,3149
2600000,7033931
70000,8555
1.7e+08,401021746
1.2e+07,10026255
4e+06,12302
1200000,26608
1e+06,96734
1.35e+08,573068425
27500000,31157914
2.5e+07,98406855
1.4e+07,115592104
7e+06,10765283
3e+06,156362
9000,4584
1e+08,98227017
7e+07,160379930
5.8e+07,50365498
2.3e+07,36374700
1e+07,1049641
4.2e+07,36197221
4.2e+07,45688337
2.5e+07,81249176
67500000,350976753
1.2e+07,103028188
3e+06,223652
1.65e+08,496511521
3.1e+07,160558438
1.6e+07,94812
1.5e+07,22018988
6.5e+07,156974557
5.7e+07,149217355
2.3e+07,151496097
32500000,24159934
1.4e+07,35579177
1.2e+07,82497035
4e+07,25268680
1.5e+07,128955898
1.2e+07,123681790
8e+05,462206
750000,1011535
2.2e+08,757890267
1.25e+08,211856088
2.2e+07,77229695
840000,3787689
4.2e+07,202812429
1e+07,4708127
6e+06,8446952
4e+06,442550
8e+07,677923379
1100000,9297407
1e+06,5391992
1.5e+08,305270083
8.5e+07,173613482
2.25e+08,NA
12500000,1100287
1.1e+07,10431506
1e+07,134639780
3e+07,54052249
3e+07,70768144
2e+07,33943049
1200000,595018
930000,30905
2.5e+07,96633833
1.2e+07,113373764
1.2e+07,1200346
5.5e+07,136143605
3.3e+07,41495213
3e+07,61623819
2.6e+07,30601801
6e+06,10106975
5250000,20188740
9e+05,7396
135000,429448
1.2e+07,32700439
4.5e+07,377807404
3.9e+07,81150788
12500000,3522153
8e+06,2721534
5800000,15091
6.5e+07,180148897
2.09e+08,305218228
37500000,120925697
8900000,22744132
1100000,56491
2.15e+08,654213485
1.6e+07,68582095
10800000,484873045
1e+06,42411721
1e+06,101759490
5e+07,236799211
3e+06,1324299
4.5e+07,80594860
7e+07,61031932
57500000,58085235
120000,3090593
1.85e+08,554606532
67500000,137489730
21500000,74326015
1e+07,11766959
1800000,23265132
5e+07,556016627
2e+07,66950887
1.6e+07,12519804
7e+06,170549753
2e+07,25361206
6e+06,16369708
5700000,86051320
3e+06,12577401
6e+06,1673635
5600000,14683763
9.5e+07,879765137
17700000,14518884
2500000,33349941
2.75e+08,NA
225000,1109276
5.5e+07,67130045
3.3e+07,165552290
1e+07,4659110
1.45e+08,746921271
1.25e+08,402448265
750000,4422318
3e+07,133085295
2e+08,NA
4e+07,55249159
1e+08,311979256
6e+07,108119662
1e+07,24660323
4900000,6924321
2500000,4934356
270000,830700
2.2e+07,17216955
3.5e+07,31393201
2.5e+07,48530887
1.7e+07,10637281
4e+06,5966671
2.6e+07,54393637
2e+07,1065907
1.4e+07,82925064
850000,1386088
2.75e+08,282778100
4e+07,20790486
2e+06,16610760
6.5e+07,273346281
24200000,10447579
3e+05,17241
6.5e+07,238940997
37500000,58792011
3.5e+07,17967746
1.2e+07,35830713
4600000,36751984
6e+07,47818913
4.5e+07,41467606
1.5e+07,57586606
1.3e+07,33069303
6900000,44103982
8.5e+07,378505812
3e+07,170466405
1.9e+07,5714913
1.7e+07,116044347
5e+05,314444
8.5e+07,208542162
7.9e+07,318146162
3e+07,197618160
1.25e+08,280355920
9.5e+07,104907746
4e+06,4230426
3.5e+07,35426759
5e+06,140619520
2e+06,17061
1e+06,11495204
1.02e+08,130673154
2e+07,55975672
2e+07,8300821
1.4e+07,11166615
5e+06,9109597
2e+06,2436
1.5e+08,238202668
4300000,10212403
9200000,5806666
136200000,829724737
4.9e+07,71004627
2.1e+07,236412453
1.1e+07,25307405
1.45e+08,306900902
1.2e+08,607987022
6.5e+07,48164150
19500000,29393634
1.5e+07,39238443
1e+07,8890094
44500000,227140757
4.2e+07,73239258
13500000,33035736
1e+07,3336053
3e+06,87727807
2e+05,236806
2.5e+08,NA
52500000,134612435
4e+07,41294674
9700000,36787044
6e+07,217370736
4e+07,169590606
3.5e+07,90221182
2.5e+07,28012862
1e+08,449948323
6.5e+07,442169052
2.5e+07,120832383
77600000,60680125
4.5e+07,73706
2e+07,34454631
5.5e+07,22597969
3e+07,115121608
1500000,2592308
1.95e+08,197687603
1.8e+07,1199510
1.3e+07,42195766
12500000,9376444
1.2e+07,12079308
4500000,7838405
4e+06,25448707
2500000,549632
2e+06,63555
1.1e+08,127983283
5.5e+07,110387072
1.2e+07,89309178
5e+06,60611845
3.5e+07,34480045
3e+07,48330757
1.5e+07,148095566
5e+07,214949716
3.5e+07,48543388
1e+07,31164747
60000,4917
2.8e+07,112914167
2.75e+08,260002115
6.1e+07,132493015
2500000,6916951
250000,62375
9.2e+07,304249198
5e+07,60282876
2.8e+07,94050951
4e+07,74156610
1.5e+07,57907734
4e+06,4327
3500000,27704111
5400000,4728896
2e+08,NA
1e+07,3623609
1e+07,173472
7.6e+07,975216835
2500000,32327255
5e+07,26387039
3.2e+07,27392609
12800000,69821476
5e+06,31149251
7e+07,150562164
2.5e+07,9313302
1.3e+07,18733666
1.4e+08,375740705
5e+07,64477051
1.5e+07,47011449
2e+07,47666013
1.5e+07,9300336
1.1e+08,695941797
3e+07,60512680
1700000,2507159
2.2e+07,15434375
4e+07,27000381
5e+05,152449
1.2e+08,287916633
1500000,1541131
1250000,2940411
1200000,2859955
32500000,48425971
2.6e+07,81275291
1.5e+07,528731
1e+07,31556959
1.7e+07,97778356
1.6e+07,22594052
1400000,1632
9e+05,413733
5e+06,26853810
1.9e+08,467381584
3450000,18309793
3e+06,11267511
3e+06,47469
1.03e+08,362000072
1.6e+08,789300444
1e+08,262794441
3e+06,23283672
1.3e+08,251499665
7.5e+07,342769200
8300000,50827466
6500000,3027956
3.8e+07,94763758
1.5e+07,61847
1.5e+07,20898221
1.1e+07,32943247
10600000,261364
2.25e+08,667999518
1e+06,5892466
2e+08,743588329
1.9e+08,531514650
1.5e+08,205440387
4.3e+07,229727774
2.3e+07,13593473
5e+05,1778
5.8e+07,93672764
3e+06,91266581
9e+07,200859554
3.7e+07,267816276
1.35e+08,286896578
1.3e+08,79076678
8.4e+07,137162560
2e+07,318000141
5300000,440821
4800000,4494560
1e+06,501289
7e+06,1268346
1.15e+08,416456852
1.8e+07,102912961
1900000,285593
1500000,4128828
1.1e+08,348547523
5e+05,2141436
3.5e+07,175361578
3e+07,66742138
1900000,10137234
2e+08,490359051
3e+07,19599974
1.5e+08,644602516
1.9e+07,76086711
4e+07,16173593
3e+07,177025498
2.8e+07,63129909
1.8e+07,43402515
5e+06,1075009
2500000,35017
6e+07,75965567
38600000,57987299
2e+07,47508505
19200000,5617460
5e+05,407100
175000,2602
1.8e+07,11813989
1e+07,68541786
5e+06,100486616
1.2e+08,286192091
5e+07,238059569
3e+07,51078541
5e+06,161921515
2e+06,28864
8e+06,25621449
4.6e+07,113402302
3.8e+07,98230839
2e+07,16723377
8e+06,21970000
7.8e+07,274392649
1.8e+07,9082906
8500000,22885836
5500000,41268579
1.9e+08,351040419
1.5e+07,9307166
7e+07,103735965
3e+07,82409520
2.6e+07,6154172
2e+07,181025343
8500000,10386814
2.5e+07,71009334
1.5e+07,160903019
6e+07,104100903
1.1e+07,56178935
2500000,59922558
5.5e+07,220648184
2e+07,18273009
5250000,22937201
750000,1960521
650000,171962
1.7e+07,72835710
1.2e+07,24761360
1.2e+07,29549145
7e+06,1933829
1.5e+08,NA
1.3e+08,864868047
2.2e+07,70536870
1.2e+07,98963392
2.2e+07,51695362
17500000,7285135
3.5e+07,29890402
4e+07,97470701
2e+07,78613981
3100000,123407
3.2e+07,126539117
1.9e+08,411002906
8e+07,247023808
9e+05,17549645
2.5e+08,960366855
4e+07,257878294
3.5e+07,114962525
2.5e+07,52543354
5e+07,172185754
8e+07,130580730
1.75e+08,151716815
1e+08,391976723
9.1e+07,188536838
4e+07,69807260
2.5e+07,50738810
3e+07,143490
2.2e+07,30051905
1.6e+07,1844228
4e+06,4454853
1e+06,552614
150000,32927
1.7e+08,771100771
3e+07,33339868
1.6e+07,1705908
6e+07,131377412
3e+07,122529966
2.5e+07,153733800
7e+06,36146087
6.5e+07,74575290
7e+06,15206330
1.8e+07,14189810
8e+06,53068955
7e+06,1857458
2e+08,708996336
2600000,15298355
6e+05,42557
3e+07,87956618
2e+07,93931360
1.3e+07,42174545
6e+07,22468620
2e+07,34718173
1.3e+07,50445860
8e+07,108469033
2.8e+07,38959900
5e+07,222383055
2.2e+07,70949793
1700000,12231500
5e+06,86362372
6.1e+07,368567189
1.6e+07,20769209
6500000,256873813
1400000,1945420
1.5e+07,52501541
6.6e+07,194169619
1e+07,7843145
6e+06,3485383
2e+05,3648
8.5e+07,276014965
5.5e+07,79312301
2.6e+07,2923959
1e+07,1069454
1150000,63777092
1e+05,59424
1.3e+08,352831065
3.5e+07,18376443
3e+05,3496
1.7e+08,714401889
13300000,7229933
4500000,11774
1.2e+07,100919111
1e+08,103039258
4e+06,21206861
4e+07,195111193
2.8e+07,73421224
420000,435168
3.4e+07,10392666
2300000,59696
1.65e+08,668913307
1.6e+08,529076069
2.5e+07,39217912
1.6e+07,7585011
2e+08,747862775
4.5e+07,127990741
1.8e+08,758536735
4e+07,86778557
4.4e+07,12342632
1.78e+08,370541256
1.2e+07,307166834
4357373,1200000
1e+06,3324070
250000,18823
1.45e+08,616102924
5e+07,331333876
8500000,3180252
1300000,16653
9e+06,3440939
1e+05,20056
4e+07,65282732
2.4e+07,70027933
2.1e+08,NA
4e+07,88069880
8e+06,68838736
3e+06,82780
7e+07,158702748
6e+07,457729388
1.45e+08,269806430
1.1e+08,330780051
3.1e+07,164350409
4e+06,1158877
1.65e+08,652127828
1.5e+07,123327692
1e+07,109144
5e+07,156399644
4e+07,126069509
9e+06,111534881
6e+06,6591365
1e+06,852399
1e+08,243388614
4e+07,457507776
1.8e+07,17360801
1.5e+07,36068890
70000,30312
1.25e+08,485004754
5e+07,156602194
2.2e+07,94270488
1.7e+07,136890774
1e+08,209461378
2.5e+07,55090374
3e+06,78948
250000,12848
6.5e+07,39499349
1.5e+07,30138912
1.1e+07,78356170
1.5e+07,34820335
5e+06,41824066
750000,59656
7e+07,20107933
1.8e+07,270944428
5e+06,10537341
1e+06,1156309
3.4e+07,348319861
2.8e+07,62108587
2e+07,41296320
3e+06,1821983
2e+06,72277
8e+05,35688
6e+07,111946251
5.5e+07,192903624
1e+07,552641
5e+06,927074
1600000,242443
7e+07,58953319
4e+07,149804632
2.3e+07,48531242
950000,78122
5e+05,1822
7e+07,220241723
5e+07,76119388
2.8e+07,101379287
1.5e+07,29050
1.3e+07,54837234
5e+06,17499242
5e+06,6656705
3300000,33474334
2e+06,6049171
2.5e+07,38718031
8e+07,210253368
5e+07,97651543
2.6e+07,41059418
1.8e+07,103215094
5e+06,567219
1500000,236863
1e+06,9837
3e+07,76235001
5e+06,103683342
1e+06,549185
2.2e+07,19563579
8500000,50334418
3e+05,177507
1.3e+08,493738435
2.5e+07,29276904
1.8e+07,23910210
5e+06,44115496
4e+06,373375
1.7e+08,710644566
4e+06,57273049
450000,13486
4e+07,156553592
1.6e+07,3442853
1e+07,3168858
7e+06,14618727
1.25e+08,766652288
1100000,2636
1.32e+08,367650911
4e+07,105945357
1.5e+07,227773686
1e+06,288757
1.2e+08,242981799
3.6e+07,57824533
13200000,54323210
12600000,19054534
5e+06,851690
1e+06,5797192
550000,9111
1.4e+08,268314513
2e+07,8692898
1.2e+07,25514848
2.5e+08,955119788
1.27e+08,356546621
6.5e+07,139840525
1.4e+07,25187026
6.5e+07,163527824
5.8e+07,547326372
5e+07,203502372
1e+07,27317872
1e+07,173613
4e+07,196090
2e+07,6071433
3e+06,4668109
750000,NA
1.1e+07,56758138
2.5e+08,NA
1.55e+08,440160956
14500000,123709460
1.5e+07,3471
25000,428923
3e+07,25199891
7e+07,19548419
5.5e+07,259541430
2.3e+07,80171596
5e+06,41699612
9e+06,2243
3300000,40262
6e+07,30396134
6e+06,32544
5500000,24956
4900000,17561100
4e+06,52819253
3e+07,929157
1.2e+07,32248241
9e+06,21571189
7e+06,35919
4e+06,4854356
1300000,288751
1.08e+08,663851905
5e+07,15505922
7e+06,1732228
9.4e+07,404561724
4e+07,570998101
2e+06,147299
1e+06,15156
1.7e+07,45707924
1.4e+07,12452601
8500000,43528634
7500000,13524
6.5e+07,154362963
5e+06,35341814
4e+06,760678
180000,17503
1.9e+08,NA
3e+07,46225326
9.5e+07,534551353
5e+07,66961644
3.5e+07,11106
1e+07,11894
2e+06,20649774
2.6e+07,135436
1.1e+08,295279072
4e+07,13644292
1e+07,7501132
2300000,14305540
250000,3234
1.3e+08,386069390
4e+07,106511453
1e+07,13423176
6.5e+07,122519874
2.2e+07,69698495
3e+06,379161
1.1e+07,62076141
1.5e+07,61788393
7700000,1080428
5e+07,3434330
3.8e+07,107597242
1e+06,62561449
150000,7193
3e+07,69057415
2.5e+07,129115
22500000,30864649
2e+07,17684355
1900000,478595
1.5e+07,17224539
5500000,863895
6.5e+07,233125712
3e+07,168832
14500000,565801
1e+07,120678444
2.5e+07,101937062
1.5e+08,370742166
2.9e+07,287130801
5e+06,7556
1e+06,1036
1.7e+08,207283457
3.5e+07,95825125
8e+06,53086
6e+05,3301
1.1e+08,469590832
3.7e+07,24935799
2e+07,774905
1.79e+08,181982519
9.5e+07,110623265
7.4e+07,311594032
4.9e+07,105002056
3.5e+07,12819501
1e+07,90384306
1500000,113169
3e+08,879620923
9.9e+07,250474038
2e+07,92217729
1.75e+08,853707581
7e+06,18190831
4e+06,797439
2e+05,1165996
6.8e+07,217022588
2e+07,43658157
1.7e+07,1973945
2.6e+07,34246770
2e+06,45431
1.2e+08,167117548
1.8e+07,41148679
5e+06,58978653
2e+06,2279959
1.3e+08,518602163
3.5e+07,140949327
75000,8799
9e+07,244126300
3e+07,94207861
1.3e+07,14999638
1.2e+07,85512300
3.1e+07,100655892
1.5e+08,700868363
3.3e+07,357687
1e+06,101531
50000,8374
3.5e+07,45680201
1.1e+07,74056184
9e+06,1242
4500000,597989
7.5e+07,105445109
2.8e+07,202043881
1.3e+07,17856688
7e+06,2053330
3.5e+07,81967450
2.8e+07,28208085
1e+07,54104225
150000,5858
5e+06,42844516
3e+06,73975239
2e+06,10166209
1200000,3048209
850000,3256
4.8e+07,327656424
2e+07,66776908
7500000,32572
1.5e+08,123888320
3e+07,35579007
1.2e+07,6553186
6.5e+07,221662676
6.1e+07,310697192
5.3e+07,98837872
3e+07,78571737
2e+06,2791973
1200000,4254
8e+07,470751398
4e+07,197232734
1e+06,12931569
1500000,2105
3.5e+07,61173364
2.5e+07,91116
1e+07,314073
3.4e+07,63802928
1.3e+07,38976797
4e+06,324218
1e+06,6870
7.4e+07,NA
4e+07,26736665
2.6e+07,33713827
1e+07,161097
1e+05,41753881
5.8e+07,158905324
5.5e+07,75466595
4e+07,162610473
1.5e+07,6832542
1.3e+07,36262783
8e+07,131234406
1.4e+07,34044909
1e+07,78096553
5e+06,2368937
2e+06,481525
3e+05,1711
2.8e+07,8592432
2e+07,32632668
2e+07,14883495
1.5e+07,14947243
1.8e+07,60264805
5e+06,98595211
5e+06,4816142
1.2e+07,14616
1e+08,90420758
2.8e+07,133162752
1e+06,NA
2.5e+07,28400715
2e+07,2246000
2e+07,3727746
1.8e+07,42167286
8900000,3324184
1.6e+08,650523427
2.5e+07,52427346
2.5e+07,42642077
2e+07,30808558
7e+06,103962
450000,42503
187500000,334342692
4e+07,33175076
3.7e+07,173567581
2.15e+08,NA
8e+06,9266180
3.06e+08,NA
9e+07,249520430
3e+07,106030660
1e+08,128131571
6.2e+07,145443360
6e+07,101134059
5e+07,238757137
3.5e+07,50363790
8e+06,5531455
8e+07,4547660
4.2e+07,182156
3e+07,141661
1.5e+07,3454036
7e+06,1391410
2700000,8200000
2e+06,NA
1900000,12444
1e+06,17721
560000,8462
168000,29827
5e+06,23565072
9e+05,9097072
1.8e+08,349143061
1.4e+08,154110769
1e+07,118557124
1.4e+07,11354230
5e+07,69411370
4e+07,124827316
1.8e+07,27392196
5.6e+07,386096060
3.8e+07,110678636
3.6e+07,156835197
11500000,99930262
1e+07,68220952
1.4e+08,518614384
7e+07,48197252
2.5e+07,2976636
5e+06,20765353
2e+07,19450780
8e+06,7315248
5e+06,2199
9e+06,25077411
60720000,552198479
2e+07,46164361
5e+06,22178125
3500000,40454520
1.4e+08,133553464
2.3e+07,45121177
2e+07,25943792
1.35e+08,245623848
2e+07,205445075
2e+07,9537120
3500000,29233
170000,169242
1.3e+07,73798720
1.1e+08,171484051
1.8e+07,6841142
2.5e+08,868160194
1.8e+07,91651878
1e+07,5437126
1.5e+08,NA
6e+07,193857962
3.5e+07,24915969
6e+05,7943
1.65e+08,677541920
1.25e+08,344780046
4e+07,158701644
1.75e+08,963901123
31500000,38771262
2e+07,54404202
1.8e+07,6784
5e+06,3807503
1.15e+08,165149302
3e+06,7445044
1500000,510957
2e+07,11813410
1.5e+07,20609977
6e+07,194058503
2.8e+07,16311335
2.2e+07,64171419
1.1e+07,2124005
1.75e+08,746100054
12700000,49196532
2.7e+07,93469699
4e+06,10898293
7.3e+07,352829528
5e+07,57261763
3.5e+07,108758521
1.78e+08,542742489
1.7e+08,277442381
2.5e+08,NA
9e+06,7714549
7e+06,10237239
2e+08,NA
5e+07,217196811
1.65e+08,387644286
5e+07,23152062
1.3e+07,118888025
7500000,3559803
3e+06,5100863
2500000,23014021
4.5e+07,170327930
1e+07,16084310
8500000,23311425
47500000,18329653
1.44e+08,229034050
5e+06,13099931
1.85e+08,336398312
1.05e+08,403841637
5e+06,148868835
3e+06,4417983
2e+07,61680792
1.2e+08,416197059
2e+07,181457297
1.35e+08,532950503
1e+07,40055439
3500000,182695
3e+07,1769316
2.9e+07,78652395
1e+06,354836
7.5e+07,875958307
3.3e+07,75909673
9.5e+07,88725100
5.5e+07,74545591
5e+07,83034523
2e+07,4754517
1e+07,158185073
9e+06,2000093
6e+07,238552082
1e+07,30629507
1e+07,150191
4.5e+07,91342494
2e+07,433574208
5e+07,34301950
3.5e+07,203555567
1e+07,37493221
9e+07,159762983
7e+07,174102281
11900000,24041617
1.56e+08,113611666
1.1e+08,296642834
1.6e+08,433125655
9e+07,328675540
4e+07,311270008
1.7e+07,5653176
4e+07,153060045
1e+07,23591043
2100000,3330
6e+07,160038407
2e+07,73206343
9e+06,81831866
1500000,55800987
1500000,2082980
7.5e+07,219572877
3.5e+07,28721408
16800000,7313697
1.3e+07,34916128
5e+06,108286422
5e+06,9669521
1e+06,63014
4.7e+07,203178872
4e+07,25863458
4e+07,1079040
1.7e+07,42141196
1e+07,8457974
1.8e+08,803798342
22500000,30719170
1.6e+07,6248077
9e+06,18802255
8500000,75740479
8e+06,8370555
1.5e+08,639537208
26700000,3871448
1.8e+07,5823540
1.2e+07,145712897
77500000,90905178
5.8e+07,801029249
5e+07,55348693
3.7e+07,99595932
6.5e+07,137768975
2.9e+07,44267641
1.9e+07,140428314
1.2e+07,37584304
2e+08,NA
3.6e+07,85315070
1.25e+08,240497948
1.1e+08,302211243
7.5e+07,627886287
4e+07,44383030
46500000,16149791
3.8e+07,117523786
6.5e+07,21778555
2.5e+07,229518131
4400000,9969237
1.25e+08,61681268
7400000,25863405
8.5e+07,345114933
1.5e+07,18301418
5e+06,276841585
4e+07,307353906
2.5e+07,189922583
27000,3547
6840000,22273
1.5e+08,785964691
3.8e+07,87098466
1.5e+08,331775766
2.5e+07,40287017
1.5e+07,4892
6e+07,20830546
29200000,5278519
2.1e+07,606162
5e+06,251359904
2.5e+07,82991460
2e+06,35312
1.27e+08,615577068
1.6e+08,NA
1.8e+07,42067430
5e+06,10744134
1.2e+08,140845191
5.8e+07,100993260
2.5e+07,23190697
1.25e+08,492557218
1.1e+08,167918847
2.5e+08,NA
3.6e+07,1480089
9e+07,10020889
1.2e+07,15668012
1e+07,3565109
3e+07,184075552
2e+07,43326383
1.8e+07,33907844
2e+08,858470006
2.3e+07,58807172
2.2e+07,35409686
1e+07,45921140
6e+07,169740988
2.3e+08,776037086
4.3e+07,45095823
4.5e+07,54855235
2e+07,41015970
2.17e+08,568923844
3.4e+07,139359078
7.5e+07,823755831
4e+07,30576502
1100000,27561
6e+07,197242826
2.4e+07,78714211
1.75e+08,638087983
1.52e+08,225986078
1.2e+07,19379463
1.8e+08,52573132
1.5e+08,235907054
2.8e+07,69290699
5e+07,27366288
3e+07,23095325
1e+06,130874
3e+07,48048527
4e+06,36630
1.95e+08,397644453
5e+06,17250101
8e+07,310940997
5.5e+07,376856949
4e+07,166893990
1.85e+08,561137727
1.75e+08,140012608
4.2e+07,57850343
